term,term_id
asian,0
(,1
restaur,2
amberjack,3
cuisin,4
focus,5
contemporary-styl,6
centr,7
array,8
occasion,9
recip,10
genova,11
partner,12
modern,13
ingredi,14
ponzu,15
.,16
dish,17
fish,18
featur,19
heart,20
three,21
histor,22
menu,23
twist,24
present,25
region,26
situat,27
),28
prepar,29
",",30
best,31
meat,32
use,33
run,34
exampl,35
bonbon,36
’,37
season,38
old,39
campania,40
seafront,41
stone-vault,42
owner-chef,43
well,44
build,45
mani,46
creat,47
tradit,48
elsewher,49
influenc,50
combin,51
ventur,52
young,53
produc,54
promenad,55
sea,56
beauti,57
mark,58
sourc,59
town,60
individu,61
two,62
gourmet,63
perhap,64
favourit,65
place,66
made,67
kitchen,68
fishermen,69
alessandro,70
flair,71
garden,72
17c,73
fewer,74
classic,75
creativ,76
local,77
feo,78
includ,79
monasteri,80
aperitif,81
enjoy,82
flavour,83
alba,84
pepper,85
beef,86
pasta,87
recommend,88
nigro,89
snack,90
langh,91
tapa,92
homemad,93
book,94
meal,95
gastronom,96
top-qual,97
scampi,98
attract,99
cocktail,100
summer,101
maccheroncini,102
generous,103
ahead,104
particular,105
visit,106
red-win,107
home,108
last,109
portion,110
might,111
experi,112
veget,113
chef,114
ice-cream,115
alongsid,116
serv,117
piedmont,118
damiano,119
exquisit,120
expect,121
fassona,122
dessert,123
previous,124
sauc,125
delici,126
michelin-star,127
area,128
bread,129
capit,130
occupi,131
former,132
gaetano,133
demonstr,134
floor,135
itali,136
origin,137
bistro,138
terrac,139
mondello,140
palermo,141
return,142
time,143
verd,144
grape,145
famous,146
bar,147
precis,148
clear,149
skill,150
main,151
afield,152
ferment,153
grill,154
cream,155
café,156
renown,157
sicilian-styl,158
eleg,159
avail,160
acquir,161
often,162
charleston,163
good,164
becam,165
–,166
mazzara,167
start,168
sesam,169
ground,170
first,171
lift,172
work,173
contemporari,174
shine,175
although,176
orang,177
day,178
nearbi,179
display,180
close,181
take,182
cabinet,183
back,184
given,185
year,186
glass,187
400,188
staff,189
store,190
ask,191
date,192
partnership,193
full,194
seafood,195
relationship,196
suppli,197
catch,198
look,199
allow,200
fresh,201
fishmong,202
horatio,203
warm,204
profession,205
venosa,206
restor,207
near,208
complet,209
ambienc,210
interest,211
still,212
hous,213
cart,214
part,215
menus,216
upper,217
front,218
space,219
wine,220
poet,221
famili,222
park,223
boast,224
yet,225
entir,226
sassi,227
small,228
pictur,229
move,230
la,231
various,232
tast,233
matera,234
outdoor,235
à,236
father,237
friend,238
list,239
latin,240
car,241
littl,242
mother,243
new,244
charm,245
daughter,246
onion,247
24-month-old,248
padano,249
stabl,250
also,251
oltrepò,252
chees,253
san,254
voghera,255
authent,256
grana,257
special,258
bake,259
around,260
bassa,261
lomellina,262
castello,263
di,264
label,265
gaudenzio,266
kilometr,267
base,268
central,269
fact,270
touch,271
artist,272
2024,273
ago,274
premis,275
feel,276
brought,277
personalis,278
inland,279
evid,280
harmoni,281
locat,282
natur,283
style,284
abruzzo,285
skil,286
minimalist,287
paid,288
care,289
chosen,290
painter,291
attent,292
intim,293
surround,294
name,295
word,296
art,297
magnific,298
palazzi,299
inspir,300
etra,301
de,302
set,303
rolli,304
citi,305
adorn,306
cannavino,307
concis,308
doria,309
despit,310
ferrari,311
reput,312
room,313
apt,314
”,315
one,316
italian,317
piazza,318
palazzo,319
anagram,320
“,321
visitor,322
palac,323
:,324
dozen,325
option,326
fornari,327
dine,328
showcas,329
nobl,330
david,331
consolid,332
comandant,333
especi,334
colour,335
nutriti,336
port,337
great,338
ristorant,339
black,340
spectacular,341
remain,342
truli,343
philosophi,344
romeo,345
short,346
sunset,347
overlook,348
add,349
born,350
person,351
preserv,352
open,353
9th,354
bay,355
lucassino,356
fine,357
decor,358
meanwhil,359
naturalité,360
prestigi,361
faith,362
napl,363
stun,364
1991,365
cook,366
arriv,367
alain,368
view,369
vesuvius,370
qualiti,371
equal,372
hotel,373
ducass,374
il,375
mentor,376
memori,377
inform,378
keen,379
leav,380
anyon,381
sure,382
provid,383
happi,384
offer,385
tri,386
must,387
casentino,388
strong,389
order,390
almost,391
other,392
!,393
choos,394
select,395
antipasti,396
simpl,397
appreci,398
picturesqu,399
accompani,400
exclus,401
tabl,402
champagn,403
indoor,404
elabor,405
raw,406
period,407
right,408
canal,409
water,410
wide,411
open-view,412
cattl,413
vineyard,414
choic,415
charcoal,416
bruno,417
pass,418
avenu,419
reassur,420
resolut,421
line,422
long,423
obvious,424
make,425
guest,426
excel,427
pine,428
denomin,429
along,430
welcom,431
even,432
final,433
brazilian,434
pleasant,435
familiar,436
servic,437
ad,438
picture-postcard,439
level,440
moura,441
barbecu,442
bartolini,443
via,444
way,445
high,446
majest,447
distinct,448
howev,449
approach,450
maritim,451
differ,452
resid,453
highest,454
farm,455
cossio,456
common,457
rustic,458
estat,459
cypress,460
intens,461
maremma,462
trattoria-styl,463
tree,464
imagin,465
sens,466
light,467
convivi,468
skimp,469
cours,470
rocchetti,471
lab,472
direct,473
larg,474
accommod,475
transform,476
pierantonio,477
designer-styl,478
number,479
culmin,480
journey,481
culinari,482
loro,483
primi,484
maintain,485
sala,486
healthi,487
reinterpret,488
life,489
societi,490
fresco,491
1930,492
quiet,493
appeal,494
giusepp,495
passion,496
turi,497
trademark,498
finocchiaro,499
experienc,500
trio,501
baron,502
backdrop,503
catania,504
alway,505
università,506
sicilian,507
popular,508
nouveau-styl,509
teatro,510
bellini,511
paint,512
entranc,513
da,514
world,515
pasta-mak,516
link,517
1695,518
vault,519
worth,520
spacious,521
gragnano,522
known,523
factori,524
sommeli,525
ceil,526
reinforc,527
pride,528
talent,529
small-scal,530
enrico,531
food,532
cherri,533
behind,534
plus,535
entrepreneur,536
stone,537
plenti,538
throw,539
monopoli,540
venu,541
bought,542
saltimbocca,543
overseen,544
valley,545
rest,546
utini,547
roberto,548
extens,549
lambrusco,550
guestroom,551
turbot,552
appetis,553
prawn,554
realli,555
share,556
stylish,557
haziri,558
caviar,559
grew,560
kosovo,561
furnish,562
eye,563
drink,564
scheme,565
oyster,566
stool,567
design,568
velvet-cov,569
emin,570
marbl,571
bomba,572
sardinian,573
cun,574
malloreddus,575
best-known,576
island,577
snail,578
ball,579
tomato,580
evoc,581
tend,582
blancmang,583
su,584
sardinia,585
fillet,586
fregula,587
type,588
sitzigorrus,589
find,590
bagna,591
stew,592
culurgion,593
sebada,594
rosso,595
typic,596
décor,597
bue,598
biancu,599
pappai,600
casserol,601
follow,602
&,603
seem,604
marina,605
seasid,606
soul,607
face,608
actual,609
grand,610
success,611
villag,612
road,613
downhil,614
sorrento,615
superb,616
venetian,617
bacari,618
keep,619
extraordinari,620
rang,621
nod,622
rispoli,623
cheesecak,624
mussel,625
uphold,626
raspberri,627
continu,628
walk,629
toffe,630
aubergin,631
district,632
escabeche-styl,633
fine-din,634
arcad,635
tuna,636
tuscan,637
shade,638
magic,639
hamlet,640
track,641
15,642
privat,643
three-star,644
own,645
lead,646
prolong,647
stay,648
renov,649
immedi,650
dirt,651
nunziata,652
francesco,653
castl,654
among,655
past,656
apart,657
11c,658
casa,659
beck,660
perch,661
wish,662
weather,663
heinz,664
hill,665
michelin,666
wisteria,667
parretti,668
interior,669
intensifi,670
love,671
mushroom,672
riccardo,673
technic,674
simpli,675
infal,676
idyl,677
mix,678
told,679
panoram,680
fireplac,681
freshwat,682
peak,683
match,684
search,685
centuri,686
expertis,687
stori,688
pra,689
lake,690
fragrant,691
resound,692
etc,693
primari,694
antiqu,695
mountain,696
loung,697
santa,698
connect,699
croce,700
cultiv,701
strengthen,702
game,703
coastlin,704
ponza,705
rug,706
greek,707
balanc,708
ancient,709
tyrolean,710
isarco,711
stube-styl,712
splendid,713
dinner,714
intern,715
romant,716
comfort,717
austria,718
stafler,719
perfect,720
60,721
negrini,722
tablet,723
hard-to-find,724
perus,725
today,726
puglia,727
lombardi,728
milanes,729
scene,730
throughout,731
pisani,732
latter,733
courteous,734
fabio,735
food-lov,736
memor,737
bulgari,738
mahogani,739
mausoleum,740
fifth,741
wall,742
-,743
augustus,744
spaghetti,745
niko,746
romito,747
paradis,748
auster,749
real,750
product,751
due,752
guid,753
archangel,754
owner,755
earn,756
fame,757
like,758
palat,759
nich,760
farmhous,761
never,762
groan,763
atmospher,764
nation,765
lost,766
opposit,767
maggior,768
shore,769
porticciolo,770
lakesid,771
window,772
bassetti,773
annarita,774
enthusiast,775
18c,776
sergio,777
good-qual,778
utmost,779
babà,780
quicker,781
candel,782
banco,783
d'italia,784
neapolitan,785
museum,786
parmigiana,787
pasticceria,788
vari,789
napoli,790
galleri,791
ragu,792
8-cours,793
broth,794
musciora,795
vera,796
pea,797
tribut,798
filindeu,799
esperienza,800
highlight,801
potato,802
far,803
pay,804
cuttlefish,805
trattoria,806
stuf,807
idea,808
rabbit,809
elba,810
home-mad,811
garlic,812
friday,813
savour,814
pici,815
shadi,816
rural,817
wherev,818
spinach,819
sit,820
live,821
anonym,822
compens,823
cement,824
savona,825
recent,826
ligurian-influenc,827
sous-chef,828
corso,829
italia,830
side,831
minimalist-styl,832
vescovado,833
section,834
noli,835
hospit,836
quintogusto,837
net,838
specialis,839
warehous,840
alik,841
alleyway,842
solid,843
old-fashion,844
price,845
copious,846
busi,847
narrow,848
broccoli,849
ligurian,850
cavi,851
soup,852
unusu,853
lavagna,854
pesto,855
cabbag,856
hairpin,857
introduct,858
equa,859
linger,860
fortifi,861
tower,862
beach,863
vico,864
coast,865
1970s,866
metr,867
vital,868
gennaro,869
bend,870
see,871
background,872
music,873
seri,874
play,875
await,876
vintag,877
stand,878
esposito,879
confin,880
bella,881
isola,882
within,883
borromeo,884
pescatori,885
verbano,886
describ,887
marco,888
sacco,889
unnecessari,890
well-stock,891
valu,892
acquaint,893
helm,894
cellar,895
frill,896
500,897
money,898
slight,899
announc,900
accord,901
feast,902
enthusiasm,903
femal,904
market,905
root,906
cuneo,907
daili,908
bright,909
chang,910
family-run,911
hidden,912
courtyard,913
locatello,914
nadia,915
beig,916
promis,917
tone,918
domin,919
gastrosteria,920
excit,921
stage,922
lamp,923
recanati,924
expert,925
sixti,926
arrang,927
errico,928
neo-rur,929
andreina,930
spit,931
contribut,932
illumin,933
fire,934
discreet,935
surviv,936
fruit,937
enabl,938
grandmoth,939
ember,940
delight,941
aroma,942
afore-ment,943
son,944
histori,945
general,946
five,947
ideal,948
milan,949
said,950
troop,951
fascin,952
radetzki,953
flee,954
spot,955
rampina,956
innov,957
rebellion,958
luca,959
camp,960
lino,961
six,962
countrysid,963
come,964
alfresco,965
well-tend,966
surpris,967
deep,968
oldest,969
200,970
michel,971
pot,972
hang,973
pan,974
sant'antonio,975
lucca,976
buca,977
copper,978
unsurpris,979
provinc,980
fish-bas,981
whether,982
bologna,983
parmesan,984
everyon,985
puntarell,986
anchovi,987
would,988
cavour,989
ultra-fresh,990
chicori,991
salad,992
much,993
sampl,994
gerri,995
besid,996
bedroom,997
grandma,998
giuseppa,999
1960s,1000
found,1001
manag,1002
becom,1003
inn,1004
nephew,1005
spread,1006
hand,1007
boutiqu,1008
parliament,1009
fare,1010
simpler,1011
bottl,1012
huge,1013
nearest,1014
lunchtim,1015
visibl,1016
makeov,1017
addit,1018
pool,1019
franco,1020
paccheri,1021
couli,1022
mare,1023
swim,1024
trabaccolara,1025
king,1026
crab,1027
millefeuill,1028
layout,1029
inherit,1030
club,1031
caper,1032
cut,1033
suvereto,1034
marmi,1035
strike,1036
sophist,1037
nativ,1038
del,1039
fort,1040
deserv,1041
byron,1042
mention,1043
lord,1044
steel,1045
uniqu,1046
spend,1047
saracca,1048
monfort,1049
chanc,1050
dual,1051
contrast,1052
night,1053
vertigin,1054
purpos,1055
staircas,1056
gem,1057
wood,1058
blackboard,1059
fir,1060
men,1061
liguria,1062
meet,1063
women,1064
point,1065
involv,1066
marta,1067
refer,1068
grassi,1069
interpret,1070
freeli,1071
singl,1072
invit,1073
tantri,1074
essenti,1075
master,1076
secret,1077
soft,1078
dream,1079
explain,1080
size,1081
repubblica,1082
dough,1083
pizza,1084
kalò,1085
call,1086
salvo,1087
50,1088
reserv,1089
wait,1090
2,1091
prefer,1092
mean,1093
ciro,1094
della,1095
second,1096
outsid,1097
gondola,1098
mediterranean,1099
request,1100
spectacl,1101
coupl,1102
sparkl,1103
brilliant,1104
complex,1105
character,1106
tasti,1107
energi,1108
solar,1109
carpigiani,1110
whip,1111
ice,1112
lot,1113
element,1114
machin,1115
high-qual,1116
sustain,1117
distinguish,1118
winter,1119
veranda,1120
sever,1121
lounge-styl,1122
dell,1123
star,1124
laurel,1125
result,1126
assist,1127
mudec,1128
varieti,1129
intent,1130
cold,1131
museo,1132
boglioli,1133
receiv,1134
address,1135
flagship,1136
cultur,1137
vibe,1138
third,1139
sansepolcro,1140
tuscani,1141
dens,1142
pappardell,1143
redcurr,1144
get,1145
someth,1146
genuin,1147
speck,1148
ham,1149
without,1150
venison,1151
chanterell,1152
bottarga,1153
spici,1154
parsley,1155
squid,1156
siphon,1157
giglio,1158
sprinkl,1159
squar,1160
mantova,1161
wife,1162
veneto,1163
slope,1164
nestl,1165
reason,1166
100,1167
vicenza,1168
carri,1169
marostica,1170
rosina,1171
thank,1172
sound,1173
head,1174
profus,1175
properti,1176
over,1177
flow,1178
exot,1179
dialect,1180
vision,1181
così,1182
verpai,1183
shitak,1184
asou,1185
meroi,1186
;,1187
fabul,1188
shortest,1189
plissn,1190
fabrizia,1191
quick,1192
rather,1193
catfish,1194
elena,1195
whim,1196
needl,1197
dashi,1198
wonder,1199
sum,1200
celebr,1201
alajmo,1202
shop,1203
risotto,1204
tablewar,1205
ink,1206
massimiliano,1207
2.0,1208
raffael,1209
signatur,1210
complement,1211
raf,1212
oro,1213
cappuccino,1214
away,1215
le,1216
passi,1217
max,1218
classico,1219
brother,1220
delicatessen,1221
souvenir,1222
reduc,1223
purchas,1224
calandr,1225
lemon,1226
saffron,1227
lamb,1228
pupil,1229
perbellini,1230
creami,1231
aromat,1232
kebab,1233
mint,1234
herb,1235
corn,1236
seed,1237
curd,1238
giancarlo,1239
yoghurt,1240
amphitheatr,1241
effici,1242
stove,1243
sort,1244
antechamb,1245
fogher,1246
tricesimo,1247
wood-burn,1248
act,1249
undoubt,1250
edg,1251
greet,1252
miravall,1253
annex,1254
riva,1255
villa,1256
sizzl,1257
sight,1258
enter,1259
long-establish,1260
gazebo,1261
soften,1262
overal,1263
bergamasca,1264
lowland,1265
murat,1266
supplement,1267
tini,1268
attanasio,1269
petit,1270
botan,1271
bad,1272
rare,1273
al,1274
patch,1275
inter,1276
explor,1277
across,1278
furnitur,1279
albeit,1280
street,1281
compris,1282
commerci,1283
low,1284
ever,1285
creativo,1286
alto,1287
adig,1288
lunch,1289
dedic,1290
beam,1291
13c,1292
stonework,1293
umbrian,1294
spoleto,1295
expos,1296
capabl,1297
either,1298
greec,1299
saganaki,1300
sakali,1301
pastri,1302
starter,1303
acorn-flour,1304
cantina,1305
stelio,1306
dei,1307
thousand-year-old,1308
button,1309
papi,1310
red,1311
hail,1312
inner,1313
smart,1314
japanes,1315
subtl,1316
petra,1317
villani,1318
cutting-edg,1319
luxuri,1320
facil,1321
acquapetra,1322
organ,1323
uncompromis,1324
luciano,1325
resort,1326
simplic,1327
recognis,1328
spa,1329
ensur,1330
aqua,1331
sannio,1332
next,1333
castel,1334
repres,1335
husband,1336
pietra,1337
salento,1338
immacolata,1339
alla,1340
church,1341
photo,1342
troccoli,1343
ricotta,1344
murges,1345
vieni,1346
daniel,1347
sicili,1348
wine-enthusiast,1349
16c,1350
abund,1351
adriatico,1352
impress,1353
intrigu,1354
patti,1355
sicilia,1356
con,1357
built,1358
alpin,1359
ladin,1360
viu,1361
bulk,1362
lit,1363
morelli,1364
mixolog,1365
group,1366
bastion,1367
plin,1368
retro,1369
roast,1370
pergola,1371
ravioli,1372
cristian,1373
40-year-old,1374
valva,1375
dri,1376
stock,1377
royal,1378
gragnono,1379
torsiello,1380
blend,1381
paestum,1382
osteria,1383
sour,1384
salerno,1385
evolv,1386
one-third,1387
butter,1388
techniqu,1389
decept,1390
600,1391
icon,1392
forino,1393
arborina,1394
trolley,1395
mullet,1396
fernando,1397
no-wast,1398
chose,1399
whole,1400
aim,1401
vodka,1402
relai,1403
everi,1404
1980s,1405
tommaso,1406
goe,1407
translat,1408
``,1409
tantal,1410
junip,1411
boulder,1412
amidst,1413
wind,1414
sculpt,1415
granit,1416
tavern,1417
want,1418
sinc,1419
ancestor,1420
1906,1421
pedestrianis,1422
eat,1423
beyond,1424
oliv,1425
appear,1426
event,1427
whose,1428
german,1429
cilento,1430
host,1431
birth,1432
structur,1433
savoy,1434
glowig,1435
zero-mil,1436
adopt,1437
effort,1438
bring,1439
hour,1440
possibl,1441
workshop,1442
activ,1443
un,1444
sometim,1445
agricultur,1446
carpentri,1447
posto,1448
friuli-venezia,1449
sage,1450
close-knit,1451
pastureland,1452
scarello,1453
team,1454
divers,1455
border,1456
giulia,1457
turnip,1458
vegetarian,1459
appl,1460
ag,1461
teem,1462
respons,1463
godia,1464
emanuel,1465
michela,1466
amici,1467
england,1468
saltwat,1469
residenti,1470
verbania,1471
invent,1472
artisan,1473
canzian,1474
refurbish,1475
brera,1476
2019,1477
bespok,1478
autumn,1479
furor,1480
patienc,1481
cuomo,1482
wineri,1483
vista,1484
marisa,1485
need,1486
breathtak,1487
ragù,1488
gnocchi,1489
1,1490
basil,1491
scorpion,1492
linguin,1493
aversa,1494
lemon-marin,1495
salt,1496
cure,1497
pomodoro,1498
pappa,1499
florenc,1500
santino,1501
door,1502
vagu,1503
grappa,1504
definit,1505
collect,1506
romano,1507
lounge-bar,1508
eas,1509
levi,1510
plan,1511
buff,1512
ilario,1513
wend,1514
brodo,1515
miss,1516
truffl,1517
tortellini,1518
apennin,1519
abroad,1520
mediterranean-styl,1521
admir,1522
greeneri,1523
top,1524
vast,1525
aeolian,1526
hot,1527
role,1528
adriat,1529
french,1530
sand,1531
unexpect,1532
rise,1533
pork,1534
cappelletti,1535
borgo,1536
romagnola,1537
romagna,1538
stroll,1539
mora,1540
giuliano,1541
chicken,1542
rimini,1543
osteria-styl,1544
insid,1545
cosi,1546
hostelri,1547
marzipan,1548
sbrisolona-cak,1549
guancialino,1550
brais,1551
mouss,1552
unmiss,1553
zabaglion,1554
dried-cod,1555
crumb,1556
imagna,1557
cannelloni,1558
knowledg,1559
emphasi,1560
courtesi,1561
early-20c,1562
salvator,1563
messina,1564
calabrian-born,1565
intuit,1566
hashbe,1567
unforgett,1568
togeth,1569
retain,1570
instinct,1571
st,1572
strait,1573
desir,1574
taormina,1575
georg,1576
frame,1577
palm,1578
guarante,1579
iuliano,1580
antonino,1581
aesthet,1582
corridor,1583
soon,1584
otherwis,1585
vittoria,1586
excelsior,1587
sorrentin,1588
peninsula,1589
montefusco,1590
constant,1591
charact,1592
hurri,1593
smaller,1594
prior,1595
weekend,1596
theme,1597
tipico,1598
week,1599
river,1600
bank,1601
culatello,1602
‘,1603
po,1604
spigaroli,1605
enterpris,1606
flank,1607
katia,1608
val,1609
impecc,1610
elisabetta,1611
giorgio,1612
ateli,1613
craftsmen,1614
smile,1615
intend,1616
overse,1617
big,1618
sister,1619
keyston,1620
tourist,1621
domodossola,1622
succeed,1623
bartolucci,1624
ossola,1625
award,1626
hope,1627
energet,1628
breath,1629
parent,1630
restrict,1631
basi,1632
standard-bear,1633
probize,1634
environ,1635
asti,1636
fan,1637
franc,1638
generat,1639
el,1640
dolomit,1641
fore,1642
filò,1643
alpine-influenc,1644
sat-nav,1645
nostalg,1646
challeng,1647
1919,1648
glad,1649
filippino,1650
nonno,1651
1910,1652
bernardi,1653
elisabeth,1654
fano,1655
chiara,1656
pepp,1657
renato,1658
decid,1659
countri,1660
mediev,1661
marcelin,1662
sawmil,1663
restrain,1664
calabria,1665
millston,1666
20c,1667
earli,1668
pecorino,1669
seen,1670
sweetbread,1671
white,1672
miniato,1673
regina,1674
enough,1675
monument,1676
lucia,1677
laid,1678
monferrato,1679
antipasto,1680
inject,1681
decad,1682
gianluca,1683
takeaway,1684
introduc,1685
sondrio,1686
sale,1687
seneca,1688
sector,1689
norcia,1690
bianconi,1691
descript,1692
earthquak,1693
lentil,1694
sibillini,1695
crayfish,1696
vespasia,1697
slowli,1698
oil,1699
noto,1700
cannara,1701
tranquil,1702
end,1703
anoth,1704
scapec,1705
heartili,1706
pisciotta,1707
advis,1708
suggest,1709
cost,1710
verdant,1711
brogna,1712
rais,1713
amid,1714
ristretto,1715
collina,1716
smoke,1717
ciliegi,1718
pie,1719
site,1720
well-balanc,1721
nduja,1722
valpantena,1723
mutton,1724
first-floor,1725
mayonnais,1726
celeri,1727
giovanni,1728
juic,1729
echo,1730
sanremo,1731
purpl,1732
chip,1733
artichok,1734
albenga,1735
plankton,1736
tartar,1737
duomo,1738
bath,1739
1693,1740
synagogu,1741
ritual,1742
eclect,1743
ciccio,1744
sultano,1745
bear,1746
imprint,1747
mirror,1748
holder,1749
tradizion,1750
quinto,1751
stile,1752
offal,1753
libero,1754
quarto,1755
territorio,1756
e,1757
sauvignon,1758
eben,1759
abbondanzi,1760
flock,1761
rich,1762
detail,1763
pair,1764
der,1765
fenicottero,1766
weingut,1767
flamingo,1768
better,1769
most,1770
shellfish,1771
wine-bar,1772
rear,1773
marzamemi,1774
fisheri,1775
vehicl,1776
foot,1777
distanc,1778
uphil,1779
classic-styl,1780
ceram,1781
east,1782
blue-and-whit,1783
positano,1784
nut,1785
aioli,1786
toast,1787
babi,1788
stockfish,1789
burrata,1790
brandacujun,1791
courgett,1792
panna,1793
porcini,1794
cotta,1795
legendari,1796
version,1797
well-structur,1798
vegan,1799
pig,1800
porto,1801
suckl,1802
frattaubread,1803
torr,1804
porceddu,1805
paola,1806
burba,1807
gianpaolo,1808
spent,1809
sole,1810
cover,1811
altitud,1812
000m,1813
rice,1814
merano,1815
balconi,1816
climb,1817
lagrein,1818
maurizio,1819
borag,1820
genoese-styl,1821
pedestrian,1822
fontanina,1823
theatr,1824
plant,1825
subdu,1826
roman,1827
print,1828
pont,1829
verona,1830
bohemian,1831
silverwar,1832
viviana,1833
cathedr,1834
vares,1835
taken,1836
milano,1837
larger,1838
peopl,1839
partial,1840
agnelli,1841
cookwar,1842
well-known,1843
refin,1844
manufactur,1845
showroom,1846
lucio,1847
duck,1848
937m,1849
emuls,1850
testa,1851
outskirt,1852
sheepfold,1853
give,1854
façad,1855
moulard,1856
molis,1857
enhanc,1858
brick,1859
meat-bas,1860
predomin,1861
giustino,1862
center,1863
modest,1864
oper,1865
comprehens,1866
ring,1867
vertic,1868
rock,1869
candiano,1870
ibla,1871
vincenzo,1872
stefania,1873
pasquo,1874
item,1875
thoma,1876
1903,1877
alpine-styl,1878
nive,1879
altern,1880
non-meat-eat,1881
andi,1882
pignatelli,1883
roma,1884
valerio,1885
berruti,1886
warhol,1887
characterist,1888
oven,1889
chiusi,1890
reviv,1891
wood-fir,1892
craft,1893
beer,1894
agnoli,1895
globe,1896
moreno,1897
beer-them,1898
sorbir,1899
birramisù,1900
steep,1901
fantasi,1902
rank,1903
micro-produc,1904
fossombron,1905
hover,1906
1920s,1907
risen,1908
favour,1909
march,1910
architectur,1911
urbino,1912
lazio,1913
railway,1914
cinema,1915
later,1916
belong,1917
convert,1918
dynam,1919
skewer,1920
supplier,1921
lap,1922
parasol,1923
uliassi,1924
persuad,1925
holiday,1926
mauro,1927
polystyren,1928
riviera,1929
three-michelin-star,1930
catia,1931
henc,1932
senigallia,1933
plastic,1934
abil,1935
pigeon,1936
destin,1937
filippo,1938
lie,1939
ban,1940
strength,1941
crowd,1942
transport,1943
ristourànt,1944
lanss,1945
sign,1946
valàdess,1947
oubèrgi,1948
céres,1949
southern,1950
extrem,1951
gain,1952
mid,1953
leas,1954
put,1955
exist,1956
huber,1957
christoph,1958
cave,1959
crust,1960
almond,1961
establish,1962
toward,1963
lean,1964
betray,1965
piedmontes,1966
wast,1967
benso,1968
count,1969
camillo,1970
veal,1971
avoid,1972
shortag,1973
bressanon,1974
extend,1975
19c,1976
claudio,1977
biscotti,1978
lungarno,1979
respect,1980
mengoni,1981
thousand,1982
arno,1983
overview,1984
sushi-styl,1985
nuovo,1986
quantiti,1987
angioino,1988
maschio,1989
counter,1990
opt,1991
watch,1992
pasta-lov,1993
aria,1994
acqua,1995
terra,1996
bistro-styl,1997
rebrand,1998
pinch,1999
signal,2000
velveti,2001
sensit,2002
alciati,2003
lidia,2004
drawn,2005
import,2006
understand,2007
sumptuous,2008
children,2009
revolutionis,2010
agnolotti,2011
fontanafredda,2012
ugo,2013
teach,2014
piero,2015
1961,2016
begin,2017
hard,2018
guido,2019
relax,2020
harbour,2021
leon,2022
finess,2023
roe,2024
claroni,2025
marin,2026
livestock,2027
summertim,2028
spirit,2029
discoveri,2030
35,2031
mill,2032
term,2033
honest,2034
uliveto,2035
pink,2036
mouthwat,2037
heiss,2038
fairytale-lik,2039
polenta,2040
confit,2041
egon,2042
fragsburg,2043
reach,2044
shoulder,2045
diner,2046
tyrol,2047
prezioso,2048
fune,2049
jus,2050
char,2051
trout,2052
lucki,2053
wild,2054
5km,2055
depict,2056
advantag,2057
taral,2058
brunello,2059
embrac,2060
vine,2061
grappoli,2062
domenico,2063
francon,2064
panzerotti,2065
banfi,2066
sceneri,2067
proud,2068
drive,2069
puglian,2070
impos,2071
foundat,2072
15c,2073
salami,2074
tentacl,2075
octopus,2076
slow-cook,2077
aquarium,2078
genoves,2079
mash,2080
flour,2081
entic,2082
middl,2083
oberhamm,2084
klaud,2085
seat,2086
dobbiaco,2087
childhood,2088
mancini,2089
cube,2090
tilia,2091
20,2092
12,2093
2010,2094
anita,2095
chris,2096
trento,2097
northern,2098
wine-produc,2099
wisteria-shad,2100
materi,2101
airi,2102
whatev,2103
owner-architect,2104
cookeri,2105
rustic-styl,2106
dot,2107
vietri,2108
occas,2109
corner,2110
alberto,2111
gipponi,2112
four,2113
mt,2114
neri,2115
etna,2116
schingaro,2117
domingo,2118
wider,2119
egnazia,2120
hush,2121
embark,2122
candlelight,2123
depend,2124
mazzaroni,2125
youth,2126
photogen,2127
's,2128
agriturismo,2129
quit,2130
orto,2131
buratti,2132
1mq,2133
piatti,2134
provenienti,2135
risultato,2136
più,2137
completata,2138
gli,2139
stagion,2140
tondo,2141
informal,2142
imprezios,2143
sono,2144
all'aperto,2145
enoica,2146
camino,2147
abbazia,2148
degustazion,2149
è,2150
affreschi,2151
un'esperienza,2152
sontuosi,2153
quasi,2154
anch,2155
particolar,2156
ottima,2157
lo,2158
riesl,2159
d'epoca,2160
dal,2161
decorazioni,2162
vegetariano,2163
dello,2164
servizio,2165
fidati,2166
dall'orto,2167
prime,2168
erb,2169
una,2170
per,2171
fresca,2172
proprietà,2173
allevato,2174
cucina,2175
l'altrettanto,2176
francica,2177
menù,2178
locali,2179
carta,2180
elegant,2181
proposta,2182
colorata,2183
pranzo,2184
bistrot,2185
produttori,2186
verdur,2187
declinata,2188
ambienti,2189
scomponibili,2190
lussuoso,2191
nel,2192
sosta,2193
scelta,2194
cuoco,2195
giovan,2196
tutto,2197
seral,2198
cornic,2199
natura,2200
voyag,2201
calabrian,2202
beccafico,2203
coconut,2204
tita,2205
honour,2206
%,2207
greenhous,2208
mad100,2209
alreadi,2210
emozioni,2211
biodynam,2212
mango,2213
nonna,2214
blind,2215
regret,2216
tastebud,2217
sogno,2218
satisfi,2219
moor,2220
true,2221
show,2222
orsoburg,2223
one-room,2224
lighter,2225
two-room,2226
nonetheless,2227
undisput,2228
spice,2229
lagoon,2230
may,2231
regular,2232
venic,2233
octob,2234
hint,2235
fabric,2236
crown,2237
glori,2238
180°,2239
fit,2240
tortelli,2241
pumpkin,2242
advanc,2243
admiss,2244
panel,2245
tablecloth,2246
payabl,2247
check,2248
salumi,2249
public,2250
juliet,2251
fee,2252
convinc,2253
vomero,2254
home-produc,2255
winckel,2256
charcuteri,2257
amaron,2258
field,2259
hazelnut,2260
madr,2261
gran,2262
cake,2263
scialatielli,2264
gluten-fre,2265
roll,2266
anna,2267
signora,2268
grotto,2269
furlo,2270
carv,2271
gola,2272
roberta,2273
yellow,2274
valdarno,2275
siena,2276
trovato,2277
iron,2278
sharp,2279
could,2280
arnolfo,2281
asparagus,2282
"7,000",2283
chianina,2284
total,2285
caponata,2286
inspector,2287
taggiasca,2288
limit,2289
amuse-bouch,2290
say,2291
daria,2292
thyme,2293
supervis,2294
determin,2295
abli,2296
duti,2297
trend,2298
antonio,2299
biolo,2300
lago,2301
tripe,2302
cauda,2303
difficult,2304
stop,2305
left,2306
tart,2307
anchovy-bas,2308
green,2309
round,2310
bruzzon,2311
bonet,2312
applaus,2313
dip,2314
page,2315
medium,2316
us,2317
current,2318
restaurateur,2319
contemporary-alpin,2320
pergin,2321
sant'orsola,2322
elisa,2323
blumenstub,2324
vogu,2325
fettuccin,2326
cod,2327
campanian,2328
spain,2329
d'agostino,2330
trendi,2331
tapas-styl,2332
separ,2333
whitefish,2334
pike,2335
foothil,2336
garda,2337
montepulciano,2338
month,2339
montefollonico,2340
mapl,2341
cutleri,2342
dark,2343
brown,2344
box,2345
wooden,2346
bento,2347
affido,2348
mi,2349
nobuya,2350
freshest,2351
omakas,2352
te,2353
vita,2354
fri,2355
rough,2356
mangiala,2357
overwhelm,2358
provola,2359
comunal,2360
neo-class,2361
neapolitan-styl,2362
motto,2363
oblig,2364
taverna-styl,2365
theatric,2366
chard,2367
home-styl,2368
lobster,2369
creation,2370
chronopoulo,2371
passard,2372
numer,2373
1950s,2374
joël,2375
pari,2376
offshoot,2377
palai,2378
award-win,2379
carpet,2380
borsa,2381
philip,2382
hark,2383
nolinski,2384
robuchon,2385
learn,2386
ellipt,2387
muffl,2388
spill,2389
fritter,2390
plate,2391
pizzeria,2392
medici,2393
lovag,2394
eel,2395
least,2396
certain,2397
serra,2398
bufala,2399
liver,2400
bros,2401
potì,2402
flourish,2403
no-holds-bar,2404
floriano,2405
pellegrino,2406
free,2407
synonym,2408
finish,2409
isabella,2410
',2411
23,2412
valtellino,2413
prà,2414
stalwart,2415
nass,2416
castrozza,2417
martino,2418
buffet,2419
lower,2420
leg,2421
frog,2422
sixth,2423
mecca,2424
treat,2425
cremona,2426
padana,2427
1850,2428
linen,2429
frico,2430
runner,2431
jovial,2432
cjarson,2433
break,2434
pazientina,2435
bar-cum-pasticceria,2436
erminio,2437
zabaion,2438
hare,2439
calandrino,2440
delicaci,2441
belov,2442
stefano,2443
masanti,2444
cantinon,2445
travel,2446
buckwheat,2447
sweet,2448
velouté,2449
planeta,2450
bufi,2451
delic,2452
frammenti,2453
carricant,2454
sensazioni,2455
eruzion,2456
fusillon,2457
coffer,2458
jerusalem,2459
carpaccio,2460
1614,2461
d'autunno,2462
dalla,2463
equinozio,2464
cetona,2465
discov,2466
palermino,2467
coniglio,2468
shred,2469
tajarin,2470
consumm,2471
orchard,2472
fourth,2473
terlano,2474
roof,2475
gift,2476
aid,2477
normal,2478
linguaglossa,2479
extraordinarili,2480
unrival,2481
long-stand,2482
magnum,2483
soil,2484
santoro,2485
volcan,2486
pennisi,2487
candl,2488
forlì,2489
tagliatell,2490
three-dish,2491
cassinetta,2492
classic-contemporari,2493
picnic,2494
lugagnano,2495
neighbour,2496
state,2497
papal,2498
grain,2499
grace,2500
storehous,2501
creeper,2502
matur,2503
virginia,2504
enchant,2505
vintage-styl,2506
romani,2507
cacciani,2508
2022,2509
castelli,2510
francesca,2511
italian-styl,2512
bucol,2513
giuliana,2514
mid-1960,2515
1965,2516
meringu,2517
berri,2518
lover,2519
father-and-son,2520
ivana,2521
strict,2522
better-known,2523
klugmann,2524
orientali,2525
antonia,2526
collio,2527
grown,2528
colli,2529
slovenian,2530
major,2531
unspoilt,2532
friuli,2533
slide,2534
seclud,2535
mandatori,2536
ampl,2537
easi,2538
forgiv,2539
leopard,2540
film,2541
occhiovivo,2542
visconti,2543
luchino,2544
chessboard,2545
annamaria,2546
marsala,2547
kidney,2548
exclud,2549
minimum,2550
requir,2551
disappoint,2552
conveni,2553
crenel,2554
institut,2555
nicola,2556
gronchi,2557
everyth,2558
versilia,2559
1966,2560
applaud,2561
versilian,2562
thought,2563
cicchetti,2564
ruin,2565
guardroom,2566
marciana,2567
half-bottl,2568
grandfath,2569
wrong,2570
1927,2571
30,2572
40,2573
slaughterhous,2574
cotoletta,2575
ethnic,2576
author,2577
shelv,2578
comic,2579
draw,2580
festiv,2581
shallot,2582
loop,2583
indic,2584
caramelis,2585
in-hous,2586
cattivelli,2587
1947,2588
form,2589
conserv,2590
home-grown,2591
macaroni,2592
reliabl,2593
owe,2594
2004.,2595
plateau,2596
sard,2597
sardin,2598
scottadito,2599
lack,2600
000,2601
wine-tast,2602
1870,2603
ticket,2604
note,2605
fellow,2606
margherita,2607
turn,2608
tale,2609
alon,2610
issu,2611
marinara,2612
oregano,2613
mozzarella,2614
vigilio,2615
stube,2616
clad,2617
krapf,2618
crafun,2619
ragú,2620
savouri,2621
tenerumi,2622
therasia,2623
execut,2624
blaze,2625
guidara,2626
support,2627
improvis,2628
promontori,2629
vulcanello,2630
pagnotto,2631
afraid,2632
shorter,2633
onofrio,2634
colucci,2635
minut,2636
arbour,2637
1973,2638
enclav,2639
accanto,2640
coastal,2641
l,2642
angiolieri,2643
peac,2644
brick-vault,2645
rossini,2646
cardelli,2647
tournedo,2648
silvia,2649
700,2650
arch,2651
kept,2652
savor,2653
degan,2654
horizon,2655
help,2656
pick,2657
instead,2658
remark,2659
avant-gard,2660
soundtrack,2661
maglio,2662
entrust,2663
research,2664
compon,2665
curios,2666
refug,2667
founder,2668
commend,2669
think,2670
courmayeur,2671
spring,2672
1877,2673
settepiatti,2674
art-nouveau,2675
fenoglio,2676
andrea,2677
construct,2678
divid,2679
chat,2680
gondolieri,2681
tortino,2682
rack,2683
guggenheim,2684
ai,2685
sweet-and-sour,2686
acreid,2687
montani,2688
truffle-flavour,2689
padr,2690
palazzolo,2691
sapori,2692
sausag,2693
phrase,2694
20.,2695
reloc,2696
giacinto,2697
similar,2698
marotta,2699
wrought,2700
vezzani,2701
piedi,2702
bocca,2703
landscap,2704
reflect,2705
cielo,2706
intramontabili,2707
quest,2708
function,2709
valid,2710
dant,2711
canapino,2712
albertina,2713
accademia,2714
belli,2715
biscuit,2716
bacio,2717
unfussi,2718
yolk,2719
egg,2720
dama,2721
tyrrhenian,2722
chocol,2723
2015,2724
fausto,2725
cool,2726
colombano,2727
abbey,2728
maze,2729
repertoir,2730
gras,2731
ferretto,2732
tongu,2733
jelli,2734
foie,2735
cascinalenuovo,2736
newli,2737
tonnato,2738
expand,2739
terrin,2740
giandujotto,2741
fasson,2742
time-honour,2743
boil,2744
salsa,2745
expo,2746
crouton,2747
1982,2748
fiera,2749
taggiasch,2750
zelo,2751
replac,2752
vitello,2753
overflow,2754
emilian,2755
tire,2756
devot,2757
columbus,2758
problem,2759
magro,2760
scala,2761
cappon,2762
suitabl,2763
flavio,2764
sweetcorn,2765
beetroot,2766
costa,2767
twin,2768
chive,2769
fowl,2770
guinea,2771
fulli,2772
bygon,2773
rosa,2774
grow,2775
guida,2776
traditions,2777
dove-colour,2778
1940s,2779
butcher,2780
martini,2781
hamburg,2782
grandson,2783
guangzhou,2784
characteris,2785
china,2786
chines,2787
ambiti,2788
nostra,2789
storia,2790
tufa,2791
archestrato,2792
miteco,2793
wrought-iron,2794
chandeli,2795
guarneri,2796
artemid,2797
hike,2798
patat,2799
schlutzkrapfen,2800
vall,2801
aliv,2802
ski,2803
durnwald,2804
sauerkraut,2805
mustard,2806
sfogli,2807
aurina,2808
american,2809
pavilion,2810
south,2811
uruguay,2812
15th,2813
plain,2814
fair,2815
patio,2816
foremost,2817
simon,2818
vinei,2819
dash,2820
unpredict,2821
pompeo,2822
etruscan,2823
hewn,2824
till,2825
caught,2826
uninterrupt,2827
glimps,2828
cash,2829
lid,2830
locomot,2831
mind,2832
parisian,2833
deck,2834
coloni,2835
sein,2836
brugiano,2837
barg,2838
house-on-stilt,2839
peasant,2840
memoria,2841
raviolo,2842
sail,2843
hall,2844
bell,2845
christian,2846
milon,2847
pinerolo,2848
acquerello,2849
justic,2850
spotlight,2851
pleas,2852
method,2853
eastern,2854
alp,2855
temperatur,2856
colosseum,2857
thing,2858
peter,2859
iorio,2860
dome,2861
imbu,2862
rome,2863
fountain,2864
eccentr,2865
bislacco,2866
develop,2867
bodi,2868
overnight,2869
post,2870
wing,2871
consist,2872
adventur,2873
less,2874
xx,2875
genoes,2876
verit,2877
posit,2878
flavor,2879
settembr,2880
burratina,2881
patron,2882
zen-inspir,2883
floor-to-ceil,2884
arrigoni,2885
mezz,2886
leemann,2887
spiritu,2888
undergon,2889
dream-lik,2890
joia,2891
aspect,2892
gluten,2893
concept,2894
philosoph,2895
wit,2896
pietro,2897
80,2898
essenc,2899
textur,2900
man,2901
academi,2902
particip,2903
formula,2904
combo,2905
proprietor,2906
stress,2907
fashion,2908
nice,2909
watermil,2910
except,2911
neat,2912
tidi,2913
anniversari,2914
clean,2915
serva,2916
bridg,2917
2023,2918
standard,2919
consid,2920
susanna,2921
herbal,2922
span,2923
tea,2924
liqueur,2925
elev,2926
trota,2927
cognac,2928
crystal-clear,2929
tench,2930
extract,2931
60th,2932
moment,2933
barrel,2934
lakefront,2935
rosita,2936
pacentro,2937
carriag,2938
regi,2939
sofa,2940
horse-drawn,2941
pillar,2942
armchair,2943
fundament,2944
melt,2945
hazel,2946
sheep,2947
rib,2948
posti,2949
abruzzi,2950
ethic,2951
zazzara,2952
stanc,2953
28,2954
multi-gener,2955
mallard,2956
vicenza-styl,2957
baccalà,2958
bean,2959
bigoli,2960
templ,2961
vedel,2962
confid,2963
blue,2964
conjur,2965
bolder,2966
imag,2967
non-alcohol,2968
matia,2969
urban,2970
riflessioni,2971
riflesso,2972
cigar,2973
perdomo,2974
chalet,2975
dolomieu,2976
tempt,2977
maître-sommeli,2978
dv,2979
oak,2980
fond,2981
goat,2982
amount,2983
land,2984
inmat,2985
prison,2986
bollat,2987
ingalera,2988
misto,2989
pineta,2990
worthwhil,2991
piemontes,2992
tackl,2993
fritto,2994
updat,2995
cv,2996
agavi,2997
non-resid,2998
lush,2999
lloyd,3000
baia,3001
ariel,3002
elderflow,3003
saporium,3004
ascent,3005
michelangelo,3006
tagliolini,3007
piazzal,3008
hagen,3009
lanka,3010
serendib,3011
indian,3012
lankan,3013
sri,3014
carp,3015
flight,3016
step,3017
access,3018
parma,3019
leoni,3020
gentl,3021
refresh,3022
aragones,3023
plum,3024
undeni,3025
dug,3026
crusco,3027
captur,3028
lombardo,3029
entrail,3030
mont,3031
crapiata,3032
haunt,3033
abandon,3034
vitantonio,3035
long-tim,3036
crispi,3037
calamarro,3038
freedom,3039
donato,3040
colleagu,3041
lucania,3042
crusko,3043
belveder,3044
post-dinn,3045
corteccia,3046
alpago,3047
ezio,3048
steak,3049
fiorentina,3050
integr,3051
ambassador,3052
amatriciana,3053
vin,3054
ounc,3055
giardino,3056
piccini,3057
1989.,3058
caino,3059
crostino,3060
epicentr,3061
bordeaux-styl,3062
valeria,3063
proudest,3064
compani,3065
santo,3066
occhio,3067
blanch,3068
barolo,3069
1988,3070
pernic,3071
cacio,3072
mansion,3073
martina,3074
franca,3075
whitewash,3076
limeston,3077
sommità,3078
citrus,3079
equip,3080
hundr,3081
farmstead,3082
tyroles,3083
orvieto,3084
superior,3085
rump,3086
crumbl,3087
doc,3088
rita,3089
pan-fri,3090
vendemmia,3091
pickl,3092
tardiva,3093
fresh-,3094
ever-pres,3095
kuccagna,3096
hearti,3097
sport,3098
north,3099
yacht,3100
jetti,3101
bar-cum-osteria,3102
porta,3103
peel,3104
porter,3105
tuber,3106
portes,3107
latt,3108
fior,3109
broke,3110
cheek,3111
parmens,3112
fennel,3113
marinad,3114
sun,3115
remind,3116
2023.,3117
finest,3118
30th,3119
seregno,3120
monza,3121
trofi,3122
flower,3123
resembl,3124
...,3125
discuss,3126
costantino,3127
lanzagallo,3128
fool,3129
savoia,3130
princip,3131
gabrielli,3132
acanto,3133
firm,3134
matteo,3135
sant'erasmo,3136
specialti,3137
osti,3138
arrosticini,3139
spong,3140
alkerm,3141
dogg,3142
confection,3143
layer,3144
custard,3145
semifreddo,3146
brickwork,3147
experiment,3148
boccadass,3149
baroqu,3150
baglieri,3151
bonus,3152
detract,3153
powder-flavour,3154
campobello,3155
sunday,3156
tomato-bas,3157
domenica,3158
baglio,3159
gravi,3160
earthi,3161
cuttaia,3162
connoisseur,3163
cristo,3164
adènzia,3165
nebrodi,3166
sugo,3167
pino,3168
recco,3169
focaccia,3170
manuelina,3171
focacceria,3172
1885,3173
compet,3174
isea,3175
trail,3176
livorno,3177
côtes-du-rhôn,3178
sangioves,3179
genoveffa,3180
fefa,3181
streamlin,3182
tortellino,3183
diminut,3184
edoardo,3185
secondi,3186
switzerland,3187
lugano,3188
climat,3189
pastel,3190
alessandra,3191
mild,3192
sarri,3193
oneglia,3194
prino,3195
row,3196
beansprout,3197
faultless,3198
whelk,3199
bonito,3200
spatula,3201
speci,3202
cosmopolitan,3203
orient,3204
oili,3205
samphir,3206
mandarin,3207
hide,3208
know,3209
format,3210
caruso,3211
signum,3212
cousin,3213
forth,3214
rein,3215
vibrant,3216
exact,3217
nine,3218
power,3219
practic,3220
twelv,3221
marianna,3222
2024quarto,3223
account,3224
map,3225
june-august,3226
allergi,3227
intoler,3228
seven,3229
reward,3230
nordic,3231
scandinavia,3232
hay,3233
record,3234
barn,3235
illustr,3236
ahrntal,3237
moessmer,3238
confirm,3239
brunico,3240
textil,3241
prelud,3242
encourag,3243
bonfadini,3244
10,3245
cannaregio,3246
outstand,3247
ca,3248
féold,3249
credit,3250
grandios,3251
waltz,3252
anni,3253
pinchiorri,3254
tomber,3255
crescendo,3256
firework,3257
nurtur,3258
monco,3259
maître-d,3260
go,3261
excess,3262
appetit,3263
opul,3264
fussi,3265
hinterland,3266
well-spaced-out,3267
late-16c,3268
agostino,3269
zarri,3270
iacobucci,3271
european,3272
air,3273
benjamin,3274
movi,3275
meravigliao,3276
ragout,3277
foam,3278
earth,3279
rosemari,3280
cacao,3281
seduc,3282
aosta,3283
vincent,3284
grenier,3285
granari,3286
tool,3287
saint,3288
tumbl,3289
reminisc,3290
rispo,3291
marci,3292
station,3293
tour,3294
capodifium,3295
anyth,3296
munzillo,3297
curat,3298
trabe,3299
canapé,3300
microcosm,3301
hydroelectr,3302
suit,3303
skier,3304
paolo,3305
hut,3306
sappada,3307
kratter,3308
arnaldo,3309
spheric,3310
sculptur,3311
ciotti,3312
meaning,3313
florentin,3314
bendato,3315
bistecca,3316
uffizi,3317
fiorentinaopt,3318
guis,3319
dialogu,3320
greater,3321
strudel,3322
council,3323
vanilla,3324
trent,3325
portrait,3326
network,3327
vermouth,3328
slice,3329
piadin,3330
laden,3331
flatbread,3332
split,3333
well-kept,3334
riomaggior,3335
expans,3336
mission,3337
certosa,3338
abbattista,3339
midday,3340
shape,3341
turmer,3342
abbruzzino,3343
dry-ag,3344
barley,3345
ellipsoid,3346
angler,3347
peach,3348
sultana,3349
wine-par,3350
brunch,3351
cloister,3352
forti,3353
steam,3354
bun,3355
bao,3356
lievitazioni,3357
garattoni,3358
two-michelin-star,3359
rememb,3360
magnolia,3361
food-enthusiast,3362
tre,3363
531,3364
capri,3365
blu,3366
eateri,3367
urchin,3368
modo,3369
mano,3370
amalfi,3371
dell'ovo,3372
tenor,3373
mio,3374
roof-garden,3375
petrosino,3376
archaeolog,3377
cross,3378
porch,3379
though,3380
bound,3381
willing,3382
age,3383
varena,3384
cavales,3385
exuber,3386
gard,3387
avant,3388
bounti,3389
bar-bistro,3390
postorino,3391
adjac,3392
lend,3393
wood-beam,3394
parquet,3395
cliff,3396
wherea,3397
quintilio,3398
ligurian-styl,3399
bazzano,3400
lorena,3401
geograph,3402
brain,3403
junction,3404
refectori,3405
popolo,3406
bistro-lik,3407
ripetta,3408
convent,3409
ferrara,3410
artusi,3411
flan,3412
sformato,3413
zero-kilometr,3414
breed,3415
fork,3416
caraf,3417
boar,3418
caramel,3419
passiria,3420
sciliar,3421
sirmiano,3422
termeno,3423
900m,3424
geiser,3425
catinaccio,3426
emblemat,3427
woodland,3428
latemar,3429
aperitif-styl,3430
8pm,3431
6,3432
turin,3433
scabin,3434
reinvent,3435
sitea,3436
progress,3437
rivoli,3438
bold,3439
appli,3440
variat,3441
18th,3442
1958,3443
onward,3444
pavement,3445
american-styl,3446
biodivers,3447
lorenzo,3448
lai,3449
grove,3450
lagunamar,3451
boat,3452
garden-cum-ol,3453
rose,3454
girtler,3455
quadrilater,3456
zabajon,3457
honor,3458
stracotto,3459
tonnè,3460
vitel,3461
classi,3462
prioritis,3463
stringi,3464
mpustarella,3465
enzo,3466
94/a,3467
53,3468
wholem,3469
coccia,3470
join,3471
fritti,3472
five-grain,3473
fill,3474
12c,3475
certifi,3476
befit,3477
vegetali,3478
macaroon,3479
pirro,3480
nero,3481
mini,3482
extra-virgin,3483
evoluzion,3484
coffe,3485
polo,3486
novelti,3487
technolog,3488
madonnina,3489
influenti,3490
1984,3491
mariella,3492
salti,3493
commit,3494
cedroni,3495
futur,3496
ricordi,3497
infus,3498
viaggio,3499
laboratori,3500
1984-2024,3501
d'infanzia,3502
sukiyaki,3503
celebratori,3504
tuck,3505
japan,3506
como,3507
cheer,3508
zone,3509
clitunno,3510
well-manag,3511
ztl,3512
traffic,3513
reimund,3514
brunner,3515
grödnerhof,3516
sugar,3517
male,3518
gardena,3519
ten,3520
heed,3521
rialto,3522
arva,3523
homag,3524
panfilio,3525
stucco,3526
lele,3527
bordo,3528
tino,3529
diario,3530
usai,3531
kimchi,3532
puré,3533
korean,3534
bosco,3535
tataki,3536
celeriac,3537
full-tim,3538
federico,3539
zanasi,3540
ferran,3541
cast,3542
lavazza,3543
consult,3544
clock,3545
spaniard,3546
adrià,3547
star-stud,3548
nuvola,3549
saporito,3550
scrupul,3551
bardini,3552
scent,3553
cicada,3554
chain,3555
umbrichelli,3556
cinti,3557
palomba,3558
tonola,3559
brighten,3560
piacenza,3561
spaghetton,3562
cacciag,3563
marcello,3564
versatil,3565
trentini,3566
falanghina,3567
conceal,3568
mole,3569
masterpiec,3570
navona,3571
raphaël,3572
rooftop,3573
honey,3574
moma,3575
multi-facet,3576
key,3577
barberini,3578
camomil,3579
tespi,3580
europ,3581
laticauda,3582
unmistak,3583
casertano,3584
silhouett,3585
sakai,3586
fumiko,3587
mattia,3588
studi,3589
comput,3590
baroni,3591
chestnut,3592
warmth,3593
disappear,3594
out-of-town,3595
frantoio,3596
2022-23,3597
express,3598
early-19c,3599
hermitag,3600
worthi,3601
biohotel,3602
took,3603
lepor,3604
heavili,3605
western,3606
compatriot,3607
emphasis,3608
absolut,3609
sushi,3610
ambit,3611
zero,3612
compromis,3613
adject,3614
english,3615
tailor-mad,3616
sincer,3617
york-styl,3618
tenaci,3619
h,3620
aria.in,3621
tailor,3622
permeat,3623
tune,3624
futurist,3625
daylight,3626
nuova,3627
deliber,3628
maltagliati,3629
difficulti,3630
encount,3631
rosewood,3632
dusti,3633
sasso,3634
castiglion,3635
3,3636
temperini,3637
2016,3638
noteworthi,3639
erasmo,3640
sant,3641
giovanna,3642
1990s,3643
restaurant-own,3644
1967,3645
germani,3646
began,3647
met,3648
fasan,3649
massimo,3650
vallio,3651
lee,3652
contagi,3653
fezzardi,3654
signorini,3655
1992,3656
desenzano,3657
manner,3658
flawless,3659
stray,3660
marzio,3661
metronom,3662
esplanad,3663
sgrò,3664
magnini,3665
monica,3666
off-the-menu,3667
perpetu,3668
ignor,3669
sauna,3670
glamor,3671
cling,3672
russo,3673
sirenus,3674
oberwirt,3675
breast,3676
1880.,3677
fuss,3678
cardi,3679
acaja,3680
gobbi,3681
contemporan,3682
70,3683
condiment,3684
angela,3685
beer-lov,3686
probabl,3687
ginetta,3688
maiella,3689
peppino,3690
arcangelo,3691
tinari,3692
parco,3693
pascal,3694
mother-and-son,3695
nowaday,3696
gelato,3697
filippi,3698
caval,3699
pastissada,3700
spiritoso,3701
memorabilia,3702
juke,3703
horsemeat,3704
slogan,3705
mile,3706
hors,3707
sunni,3708
metro,3709
venetian-styl,3710
padova,3711
noodl,3712
szechuan,3713
zhejiang,3714
dumpl,3715
eight,3716
clientel,3717
silvio,3718
battistoni,3719
bouillabaisse-styl,3720
morel,3721
down-to-earth,3722
business-styl,3723
coriand,3724
late,3725
steal,3726
professor,3727
montanari,3728
fusion,3729
bitter,3730
burkhard,3731
ann,3732
bacher,3733
increas,3734
embellish,3735
moretto,3736
cala,3737
vibo,3738
valentia,3739
enviabl,3740
guard,3741
lido,3742
descent,3743
joyous,3744
84,3745
contact,3746
reduct,3747
trentinomenu,3748
arlecchino,3749
chardonnay,3750
trentingrana,3751
bisqu,3752
vinegar,3753
straordinario,3754
amaranth,3755
fumag,3756
puf,3757
modena,3758
campigotto,3759
feltr,3760
hotel-restaur,3761
pigna,3762
lava-ston,3763
asado,3764
randazzo,3765
capocollo,3766
mes,3767
chateaubriand,3768
on-trend,3769
punt,3770
luna,3771
capitan,3772
fifteen,3773
mario,3774
noth,3775
porcelli,3776
snow-cov,3777
case,3778
wieser,3779
gerhard,3780
florian,3781
venosta,3782
prais,3783
career,3784
galleria,3785
carlo,3786
vittorio,3787
opportun,3788
romagnol,3789
ottagono,3790
vistamar,3791
portofino,3792
sacchi,3793
cracco,3794
broader,3795
ii,3796
half,3797
feminin,3798
pre-arrang,3799
retro-styl,3800
vigevano,3801
portico,3802
classic-modern,3803
charg,3804
ger,3805
slow,3806
mostarda,3807
miranes,3808
avocado,3809
cucumb,3810
rapini,3811
cogliardo,3812
fig,3813
franciacorta,3814
bass,3815
andana,3816
beet,3817
grosseto,3818
leaf,3819
competit,3820
mediterraneo,3821
will,3822
finer,3823
vegetable-bas,3824
scoprir,3825
sigilinium,3826
grouper,3827
swap,3828
rice-grow,3829
flake,3830
couscous,3831
sfoglia,3832
castelvecchio,3833
train,3834
closer,3835
stuffi,3836
abocar,3837
spanish,3838
recipes.th,3839
argentin,3840
camilla,3841
apprenticeship,3842
tuma,3843
armerina,3844
pansotti,3845
cannavacciuolo,3846
crespi,3847
gabriel,3848
bertoli,3849
jewish-styl,3850
must-visit,3851
roman-,3852
neighbourhood,3853
gellius,3854
breda,3855
opitergium,3856
antica,3857
hop,3858
tell,3859
state-of-the-art,3860
herb-crust,3861
cime,3862
indigo,3863
ameno,3864
unfold,3865
casamicciola,3866
sky,3867
dusk,3868
pasqual,3869
bacoli,3870
enclos,3871
hue,3872
palamaro,3873
procida,3874
lacco,3875
indaco,3876
ischia,3877
sweep,3878
chequer,3879
heavi,3880
dose,3881
friendli,3882
jealous,3883
pleasur,3884
ultra-class,3885
ordinari,3886
zazzeri,3887
wave,3888
unchang,3889
notic,3890
sudden,3891
treviso,3892
cornerston,3893
contamin,3894
menegaldo,3895
driver,3896
cava,3897
war,3898
handwritten,3899
baumgartn,3900
piano,3901
karl,3902
walnut,3903
younger,3904
nogher,3905
glaze,3906
apricot,3907
manoppello,3908
scalo,3909
flaw,3910
exterior,3911
lui,3912
stall,3913
matscher,3914
kid,3915
proceed,3916
accursio,3917
tile,3918
symbol,3919
umberto,3920
criss-cross,3921
lengthi,3922
kerm,3923
spoltino,3924
pud,3925
sliver,3926
soak,3927
bit,3928
trifl,3929
thick,3930
acid,3931
sandra,3932
cherasco,3933
musso,3934
leek,3935
gemma,3936
valsassina,3937
hidalgo,3938
wagyubeef,3939
kind,3940
aomi,3941
therefor,3942
vet,3943
2021.,3944
2010.,3945
circella,3946
1987.,3947
doubt,3948
somewher,3949
galeata,3950
usual,3951
bite,3952
eden,3953
quirinal,3954
bianco,3955
incred,3956
giudecca,3957
cipriani,3958
adapt,3959
enlarg,3960
adjust,3961
improv,3962
azienda,3963
agrituristica,3964
procedur,3965
mandra,3966
sa,3967
smallest,3968
6pm-1am,3969
nouveau,3970
baglioni,3971
1913,3972
360°,3973
top-notch,3974
seventh,3975
chiesa,3976
milk,3977
mescafrancesca,3978
beat,3979
contron,3980
soccorso,3981
soya,3982
late-19c,3983
cappelli,3984
breadstick,3985
senator,3986
liveli,3987
thought-out,3988
spelt,3989
solina,3990
neutral,3991
fossaceca,3992
leaven,3993
vine-shad,3994
organis,3995
loyal,3996
grocer,3997
ownership,3998
signific,3999
minim,4000
sashimi,4001
tempura,4002
patagonian,4003
herculaneum,4004
annarumma,4005
golden,4006
silkworm,4007
whenev,4008
sangiovesi,4009
floral,4010
lumira,4011
verdi,4012
balsam,4013
lillybet,4014
roam,4015
farmyard,4016
anim,4017
chemistri,4018
vers,4019
basic,4020
pave,4021
misl,4022
outing,4023
beli,4024
malcesin,4025
leandro,4026
24,4027
luppi,4028
qcina,4029
latest,4030
shorelin,4031
niccolò,4032
dock,4033
ferri,4034
maccheroni,4035
est,4036
pasticcio,4037
salama,4038
tortelloni,4039
perticara,4040
fossa,4041
padoan,4042
meticul,4043
street-food,4044
conclus,4045
process,4046
1934.,4047
mysteri,4048
aquila,4049
warrior,4050
6c,4051
bc,4052
block,4053
capestrano,4054
statu,4055
loft,4056
merlo,4057
salt-bak,4058
platter,4059
milanese-styl,4060
cutlet,4061
involtino,4062
self-taught,4063
bed,4064
barbara,4065
filanda,4066
spin,4067
lose,4068
ciaffagnon,4069
maritozzo,4070
capitano,4071
escarol,4072
mazzafegato,4073
locanda,4074
lesina,4075
revolv,4076
oasi,4077
soufflé,4078
modifi,4079
sfogliatina,4080
broad,4081
sformatino,4082
marri,4083
peruvian,4084
cevich,4085
chilli,4086
pacif,4087
strombolicchio,4088
tola,4089
asia,4090
rasa,4091
immortalis,4092
writer,4093
montal,4094
poetri,4095
stem,4096
card,4097
doorway,4098
ident,4099
byblo,4100
bianchi,4101
pineappl,4102
pull,4103
colomb,4104
longhini,4105
salon,4106
18ha,4107
alessio,4108
dove,4109
4-cours,4110
charcoal-gril,4111
pheasant,4112
saracen,4113
borrow,4114
regal,4115
pezzuto,4116
turkish,4117
carlofortinian,4118
adept,4119
household,4120
cestello,4121
drawer,4122
garag,4123
angelo,4124
stood,4125
superbl,4126
autumn-bas,4127
cappellaccio,4128
sauté,4129
mantuan,4130
sbrisolona,4131
salinari,4132
nina,4133
trulli,4134
well-pres,4135
baldo,4136
giasàra,4137
underground,4138
swordfish,4139
modernis,4140
forc,4141
equens,4142
moorish-styl,4143
giulio,4144
orta,4145
aristocrat,4146
entrecot,4147
fondu,4148
costum,4149
wear,4150
flaminio,4151
orchestra,4152
io,4153
observ,4154
basement,4155
silva,4156
member,4157
well-practis,4158
l'essenza,4159
lili,4160
impli,4161
costoletta,4162
ossobuco,4163
adjoin,4164
vill,4165
british,4166
gremolata,4167
luganega,4168
storico,4169
faveri,4170
1848,4171
habsburg,4172
armi,4173
50m,4174
bartolo,4175
jurist,4176
sassoferrato,4177
14c,4178
presenc,4179
rout,4180
malatesta,4181
escap,4182
passag,4183
intric,4184
prototyp,4185
senal,4186
cauldron,4187
motiv,4188
bone,4189
murato,4190
polpo,4191
maratea,4192
maximum,4193
collector,4194
2019.,4195
drape,4196
gnudi,4197
nettl,4198
junior,4199
cason,4200
danc,4201
vinaigrett,4202
intrusi,4203
cannolo,4204
non-fish,4205
palmi,4206
eater,4207
chairman,4208
banquet,4209
pantheon,4210
offici,4211
mao,4212
finanziera,4213
happili,4214
dimora,4215
elid,4216
cordero,4217
bore,4218
giampiero,4219
substanc,4220
ever-expand,4221
grandpar,4222
timeless,4223
re-open,4224
januari,4225
1956.,4226
refriger,4227
beech,4228
meat-eat,4229
approxim,4230
1700,4231
wander,4232
permitting–and,4233
path,4234
volum,4235
atmosphere–on,4236
tantalis,4237
sensat,4238
bitto,4239
sweet-scent,4240
valtellina-styl,4241
visual,4242
dairi,4243
pinewood,4244
manger,4245
cembra,4246
dop,4247
7-cours,4248
barbaresco,4249
brasato,4250
evok,4251
weekday,4252
meatbal,4253
brescian,4254
bulwark,4255
brianza,4256
lesser-known,4257
rubik,4258
signor,4259
unsuccess,4260
pezzo,4261
cibreo,4262
catherin,4263
export,4264
attempt,4265
snapper,4266
lumpfish,4267
vecchio,4268
dice,4269
second-floor,4270
sea-urchin,4271
parkland,4272
scenic,4273
lawn,4274
underlin,4275
vallefredda,4276
museum-lik,4277
proxim,4278
refuge,4279
soft-crunchi,4280
collin,4281
exhibit,4282
social,4283
dioces,4284
subdivid,4285
metallifer,4286
catalogu,4287
bracali,4288
fatty-acid,4289
sweet-sour,4290
vegetable-meat,4291
rotat,4292
ghirlanda,4293
lava,4294
frothi,4295
heat,4296
puccini,4297
girasoli,4298
veranda-styl,4299
cocoa,4300
langoustin,4301
fabrizio,4302
pancetta,4303
gualtieri,4304
chatgpt,4305
fortunato,4306
pomegran,4307
greco,4308
stelvio,4309
consumpt,4310
gin,4311
gallo,4312
masè,4313
cedron,4314
deer,4315
tonic,4316
ever-grow,4317
sabino,4318
800,4319
bertelli,4320
air-condit,4321
sell,4322
bergamot,4323
respit,4324
exposed-ston,4325
caribbean,4326
gargnano,4327
eponym,4328
tortuga,4329
charismat,4330
sant'agata,4331
milda,4332
chapel,4333
mirko,4334
fischetti,4335
serena,4336
stronghold,4337
sear,4338
granddaught,4339
michelina,4340
falco,4341
bergamo,4342
vesta,4343
brutto,4344
burano,4345
settl,4346
contemporanea,4347
ambiental,4348
venezia,4349
environment,4350
dorona,4351
hord,4352
castraur,4353
lacemak,4354
pavan,4355
belltow,4356
mazzorbo,4357
venissa,4358
trophi,4359
hunt,4360
succul,4361
cahssai,4362
atman,4363
leonardo,4364
wine-pair,4365
marzano,4366
jewel,4367
easili,4368
forget,4369
twenti,4370
n't,4371
valtellines,4372
beaten,4373
rosemary-flavour,4374
todi,4375
sorbet,4376
maison,4377
sorrentino,4378
lodg,4379
tagliata,4380
cantucci,4381
recal,4382
pretti,4383
1126,4384
hilltop,4385
costabella,4386
suffic,4387
pastur,4388
cander,4389
pale,4390
gnocchetti,4391
tender,4392
2020,4393
d'annunzio,4394
ennio,4395
flaiano,4396
abruzzes,4397
oh,4398
maiellabi,4399
torron,4400
pe,4401
roofbeam,4402
baiocco,4403
sip,4404
feltrinelli,4405
villoresi,4406
hoteli,4407
merit,4408
vaiani,4409
mattei,4410
burgundi,4411
1862,4412
cima,4413
bruxaboschi,4414
desiderio,4415
loaf,4416
justifi,4417
picagg,4418
vinilia,4419
manduria,4420
clever,4421
primit,4422
penna,4423
all,4424
joy,4425
erbett,4426
ferrares,4427
bowerman,4428
trastever,4429
coach-hous,4430
mezzanin,4431
privaci,4432
cristina,4433
piccion,4434
coada,4435
sopa,4436
satnav,4437
paella,4438
intertwin,4439
donei,4440
fassa,4441
holidaymak,4442
malga,4443
trentino,4444
parizzi,4445
zero-wast,4446
cuor,4447
pontino,4448
agro,4449
husband-and-wif,4450
somewhat,4451
london,4452
aurora,4453
brescia,4454
vanlangenaek,4455
john,4456
belgian,4457
pianist,4458
zass,4459
dori,4460
aloi,4461
ride,4462
500m,4463
cable-car,4464
lana,4465
vigilius,4466
prosdocimi,4467
buzara,4468
25,4469
campiello,4470
berton,4471
laqua,4472
acquolina,4473
galaxi,4474
brezza,4475
neapolitan-influenc,4476
lake-inspir,4477
obstacl,4478
overcom,4479
summaris,4480
chaotic,4481
sanità,4482
class,4483
oliva,4484
bottega,4485
delizi,4486
emilio,4487
trendier,4488
rehabilit,4489
associ,4490
autist,4491
pepe,4492
emilia,4493
gramigna,4494
tortellant,4495
spectrum,4496
adult,4497
bottura,4498
clam,4499
orecchiett,4500
chickpea,4501
ma.ri.na,4502
novo,4503
barchessa,4504
guà,4505
laundri,4506
tordelli,4507
nutmeg,4508
moat,4509
lucchesi,4510
costantini,4511
english-styl,4512
petal,4513
teresa,4514
incorpor,4515
mamma,4516
papa,4517
1968,4518
well-prepar,4519
curri,4520
whitebait,4521
perata,4522
tomahawk,4523
extra,4524
bill,4525
ribey,4526
provolon,4527
|,4528
esperienz,4529
vertical,4530
hosteria,4531
custom,4532
shoot,4533
worker,4534
fairytal,4535
all-round,4536
rind,4537
bladder,4538
gastrofluvi,4539
maial,4540
cucolo,4541
ernesto,4542
punta,4543
alfonso,4544
gastronomi,4545
gulf,4546
1890,4547
livia,4548
pois,4549
campanella,4550
dongiò,4551
budget,4552
parallelsmenu,4553
effect,4554
longer,4555
astonish,4556
saturday,4557
anthoni,4558
1800s,4559
1977,4560
top-of-the-rang,4561
motta,4562
scorzon,4563
rivoluzion,4564
cortil,4565
alghero,4566
radici,4567
gian,4568
chessa,4569
hesit,4570
revel,4571
preced,4572
scarallo,4573
marrow,4574
uncompl,4575
brand-nam,4576
struscio,4577
dalila,4578
grillo,4579
ettor,4580
sprung,4581
sauri,4582
1804.,4583
gold-colour,4584
bassi,4585
astut,4586
confus,4587
italo,4588
120,4589
bearer,4590
west,4591
gong,4592
typifi,4593
peke,4594
campo,4595
fiori,4596
centre-stag,4597
weak,4598
michelino,4599
sciò,4600
decis,4601
pellicano,4602
gioia,4603
christma,4604
coat,4605
ornat,4606
pile,4607
largest,4608
pour,4609
ugolotti,4610
renaiss,4611
industri,4612
frigoriferi,4613
artistic-cultur,4614
milanesi,4615
condo,4616
well-establish,4617
prosecco,4618
wine-grow,4619
boffa,4620
limonaia,4621
purest,4622
accumul,4623
multi-michelin-star,4624
amuses-bouch,4625
dell'annunziata,4626
glass-front,4627
2021,4628
mayb,4629
negra,4630
carbonara,4631
pata,4632
manchego,4633
omelett,4634
bustl,4635
iberian,4636
market-fresh,4637
fiamma,4638
casano,4639
pantesco,4640
scamardella,4641
shone,4642
maria,4643
vallicella,4644
pipero,4645
ground-floor,4646
luigi,4647
aisl,4648
pastiera,4649
salomon,4650
gianfilippo,4651
gatto,4652
caciocavallo,4653
arancina,4654
curious,4655
shipyard,4656
rum,4657
half-,4658
armani,4659
onyx,4660
backlit,4661
demand,4662
cerea,4663
protagonist,4664
latini,4665
ribollita,4666
capri-styl,4667
viewpoint,4668
gâteau,4669
home-cook,4670
all'arnei,4671
battuta,4672
viareggio,4673
sourdough,4674
bench,4675
mame,4676
zanini,4677
tenet,4678
recycl,4679
explan,4680
paves,4681
?,4682
naviglio,4683
alzaia,4684
mar,4685
protect,4686
ionio,4687
pallon,4688
natal,4689
capo,4690
rizzuto,4691
campagna,4692
metalwork,4693
goos,4694
coach,4695
fiorella,4696
3c,4697
trove,4698
passageway,4699
perugia,4700
treasur,4701
tegamaccio,4702
mia,4703
fiordilatt,4704
cantin,4705
chic,4706
nervi,4707
york,4708
industrial-new,4709
basso,4710
cloud,4711
entertain,4712
felic,4713
felix,4714
clue,4715
complic,4716
balbianello,4717
comacina,4718
coffee-pair,4719
1442,4720
shrimp,4721
angel-hair,4722
benedetto,4723
light-colour,4724
cavalieri,4725
cross-vault,4726
dominican,4727
seawe,4728
manti,4729
capelli,4730
column,4731
galateo,4732
toblino,4733
monachil,4734
lama,4735
jamantè,4736
preposit,4737
guess,4738
written,4739
articl,4740
calamaro,4741
letter,4742
omit,4743
piselli,4744
ligur,4745
cairo,4746
rossi,4747
school,4748
steiner,4749
ecosystem,4750
fertil,4751
gavi,4752
employe,4753
180-hectar,4754
sei,4755
raia,4756
benefit,4757
novi,4758
fli,4759
devetak,4760
crow,4761
multi-funct,4762
tuesday,4763
substanti,4764
ran,4765
mellino,4766
quattro,4767
rocket,4768
canton,4769
40-year,4770
roquefort,4771
hen,4772
branch,4773
pagliazza,4774
santi,4775
rocco,4776
byzantin,4777
che,4778
non,4779
flavia,4780
2014,4781
riso,4782
scordo,4783
quel,4784
levanto,4785
1939.,4786
augurio,4787
tartlet,4788
pub,4789
buzz,4790
initi,4791
romana,4792
natalini,4793
engag,4794
trust,4795
sadler,4796
liter,4797
bellaria,4798
coxinendi,4799
atzeni,4800
pipe,4801
formichella,4802
industrial-styl,4803
argentario,4804
panorama,4805
montecristo,4806
ala,4807
timber,4808
acireal,4809
press,4810
uninterest,4811
grandeur,4812
mount,4813
blason,4814
origini,4815
struck,4816
libera,4817
nicastro,4818
lamezia,4819
scandinavian,4820
1984.,4821
job,4822
photograph,4823
trentacosti,4824
steve,4825
modica,4826
logo,4827
carmelo,4828
shown,4829
grate,4830
genius,4831
achiev,4832
torregrotta,4833
recur,4834
wrap,4835
nineteenth,4836
craparo,4837
deg,4838
oltr,4839
fazio,4840
broast,4841
soverato,4842
frisell,4843
meadow,4844
prove,4845
18,4846
hectar,4847
renzi,4848
chop,4849
clement,4850
chitarra,4851
dell'orsosemifreddo,4852
sulmona,4853
half-port,4854
conceiv,4855
rebirth,4856
gioconda,4857
sheer,4858
gabicc,4859
francescana,4860
territori,4861
virgin,4862
enbogonè,4863
borlotti,4864
full-bodi,4865
es,4866
profeta,4867
gianfranco,4868
tuff,4869
fino,4870
liqueur-mak,4871
ruffano,4872
rizzo,4873
anchor,4874
contrada,4875
leocorno,4876
langella,4877
erborinato,4878
dim,4879
leather,4880
teapot,4881
chair,4882
chamber,4883
lychee-shap,4884
staf,4885
front-of-hous,4886
length,4887
scopiccio,4888
pamper,4889
hong,4890
suzzara,4891
kong,4892
nigiri,4893
1km,4894
osashimi,4895
serendipico,4896
masaki,4897
gyoza,4898
ramen,4899
teishokuset,4900
capannori,4901
kuroda,4902
verbena,4903
apprentic,4904
bluefin,4905
samuel,4906
2022.,4907
cow,4908
screen,4909
brazier,4910
onlin,4911
ladin-inspir,4912
solociccia,4913
propos,4914
officina,4915
specif,4916
cohes,4917
fun,4918
realiti,4919
brindo,4920
ventimiglia,4921
trucco,4922
roia,4923
chiavari,4924
kaiseki,4925
hazama,4926
satoshi,4927
sibl,4928
marches,4929
deco,4930
matriciana,4931
sordi,4932
amaro,4933
gricia,4934
chicco,4935
amus,4936
caffè,4937
unconvent,4938
solo,4939
pell,4940
mupa,4941
dresser,4942
povera-styl,4943
little-known,4944
manzoni,4945
well-run,4946
gallar,4947
taco,4948
prosciutto,4949
sandwich,4950
trevigiana,4951
leoluca,4952
marca,4953
brambilla,4954
cavolo,4955
guancial,4956
19c-style,4957
coppa,4958
anolini,4959
enel,4960
brass,4961
remodel,4962
dsquared2,4963
venaria,4964
reggia,4965
1950-60s,4966
bettelmatt,4967
mountain-styl,4968
kondo,4969
lopez,4970
gucci,4971
breve,4972
karim,4973
nostri,4974
nuov,4975
boost,4976
nostr,4977
takahiko,4978
credenti,4979
antonini,4980
monti,4981
trinità,4982
hassler,4983
meantim,4984
skirt,4985
pistachio,4986
straight,4987
ivan,4988
maniago,4989
open-plan,4990
advic,4991
skate,4992
beverag,4993
reli,4994
sake,4995
pre-dessert,4996
par,4997
morello,4998
verg,4999
grassland,5000
widespread,5001
trattoria-cum-delicatessen,5002
alta,5003
sagramoso,5004
perez,5005
conservatori,5006
pompei,5007
timbal,5008
frequent,5009
muscat,5010
woodsmok,5011
maiz,5012
porcelain,5013
cilenti,5014
hoc,5015
whichev,5016
thursday,5017
basqu,5018
manicon,5019
suspend,5020
sara,5021
cur,5022
moirago,5023
1478.,5024
1250,5025
olbia,5026
mediterranean-inspir,5027
inhabit,5028
dynasti,5029
toè,5030
supper,5031
norbert,5032
sforzesco,5033
niederkofl,5034
natural-wood,5035
casual,5036
annunziata,5037
ricci,5038
quieter,5039
liberty-styl,5040
icehous,5041
expens,5042
impronta,5043
90s,5044
arezzo,5045
sirmion,5046
speranzina,5047
espelett,5048
gobbetto,5049
rye,5050
pancak,5051
tirtlan,5052
geröstl,5053
trip,5054
wood-adorn,5055
spinach-fil,5056
cajinci,5057
ega,5058
bacaro,5059
porchetta,5060
notabl,5061
passignano,5062
antinori,5063
stand-out,5064
chianti,5065
badia,5066
1987,5067
remo,5068
redevelop,5069
jame,5070
marko,5071
joyc,5072
pete,5073
150m,5074
riscon,5075
photographi,5076
project,5077
nb,5078
lumen,5079
5pm,5080
snow,5081
coron,5082
vergin,5083
beata,5084
safari,5085
trabetti,5086
cat,5087
acereta,5088
alcherm,5089
vegetal,5090
montese-styl,5091
santuario,5092
melandri,5093
hernan,5094
footbal,5095
prophet,5096
championship,5097
outset,5098
molaro,5099
cri,5100
kombu,5101
koji,5102
acciderba,5103
subject,5104
soy,5105
bolgheri,5106
venezuela,5107
betancourt,5108
library-styl,5109
ionian,5110
tang,5111
old-school,5112
ercol,5113
croton,5114
let,5115
cusago,5116
trumpet,5117
bollita,5118
mood,5119
orlando,5120
ginger,5121
ghedini,5122
benaco,5123
salt-,5124
pelizzari,5125
duo,5126
belt,5127
quarter,5128
newer,5129
spumon,5130
parlour,5131
relat,5132
guesthous,5133
coeliac,5134
aic,5135
workmanship,5136
empanada,5137
affogato,5138
bergamo-styl,5139
moriggi,5140
jut,5141
rovereto,5142
test,5143
mart,5144
ghezzi,5145
alfio,5146
eala,5147
morer,5148
mulberri,5149
alserio,5150
graziano,5151
profil,5152
accolla,5153
augusta,5154
landmark,5155
lace,5156
pescocostanzo,5157
pillow,5158
ducal,5159
corniola,5160
siviero,5161
liquida,5162
daniela,5163
dna,5164
piergiorgio,5165
cramp,5166
marconi,5167
bolognes,5168
calderino,5169
-style,5170
russian,5171
lounge-cum-librari,5172
smetana,5173
dent,5174
lanzellotti,5175
vittorial,5176
taurasi,5177
aglianico,5178
irpinia,5179
silvestro,5180
pension,5181
colder,5182
piacentin,5183
povera,5184
proverbi,5185
seggiano,5186
flask,5187
tubladel,5188
shank,5189
ortisei,5190
fiordaliso,5191
pontoon,5192
caretak,5193
wine-buff,5194
reconnect,5195
somma,5196
precious,5197
cosmo,5198
bathroom,5199
hip-hop,5200
luciana,5201
faster,5202
sensibl,5203
fulfil,5204
silhavì,5205
filia,5206
michael,5207
warn,5208
companion,5209
tooth,5210
rice-bas,5211
gainn,5212
2007,5213
basilicata,5214
marchigiana,5215
encompass,5216
bristol,5217
londr,5218
sicignano,5219
lorelei,5220
l'orto,5221
l'angolo,5222
acquarol,5223
minestra,5224
bellingeri,5225
entitl,5226
dietro,5227
crostini,5228
gorgonzola,5229
hintner,5230
herbert,5231
spleen,5232
gasthaus,5233
mediterranean-influenc,5234
arancini,5235
well-construct,5236
subt,5237
prati,5238
satisfact,5239
mascia,5240
1985,5241
saletta,5242
22,5243
judg,5244
threshold,5245
città,5246
splash,5247
consequ,5248
zannon,5249
semicircular,5250
multi-level,5251
bowl,5252
alley,5253
broken,5254
sho,5255
horsesho,5256
bakeri,5257
1800,5258
ronchetto,5259
imperi,5260
napoleon,5261
inde,5262
vicina,5263
lingotto,5264
ivrea,5265
ossobuco-fil,5266
out,5267
less-known,5268
ichikawa,5269
evidenc,5270
36-month-ag,5271
flower-deck,5272
12-year-old,5273
cavallino,5274
maranello,5275
crème,5276
burri,5277
roero,5278
croccantezza,5279
necessarili,5280
inedita,5281
pollock,5282
d'errico,5283
jackson,5284
lonigo,5285
peat,5286
peca,5287
serious,5288
flag,5289
portinari,5290
whiski,5291
smoker,5292
bressan,5293
sile,5294
adriano,5295
meschio,5296
bird,5297
leccarda-styl,5298
predict,5299
waiter,5300
caserta,5301
sommelier/head,5302
man-mad,5303
promot,5304
faenza,5305
breweri,5306
wood-inspir,5307
mogano,5308
azur,5309
tasting-styl,5310
bavaglino,5311
taverna,5312
shelter,5313
pizzi,5314
caputo,5315
stretch,5316
pasteuris,5317
macello,5318
meat-process,5319
vecio,5320
control,5321
4.0,5322
geotherm,5323
nissen,5324
flora,5325
du,5326
pietropaoli,5327
tristan,5328
plessi,5329
brainchild,5330
african,5331
7,5332
5,5333
umbria,5334
carlotta,5335
pronounc,5336
masseria,5337
delicato,5338
cabernet,5339
brunois,5340
contigliano,5341
rieti,5342
d'alba,5343
piccolo,5344
réva,5345
fre,5346
gratin,5347
4km,5348
mallow,5349
kombucha,5350
coldana,5351
refrigeri,5352
gradual,5353
proietti,5354
tapestri,5355
spilimbergo,5356
piola,5357
madama,5358
chic-industri,5359
glass-enclos,5360
platform,5361
north-west,5362
fleme,5363
moi,5364
argentina,5365
modesti,5366
chimichurri,5367
annunzio,5368
nikkei-styl,5369
rainer,5370
proven,5371
brunel,5372
acclaim,5373
oldofredi,5374
beneath,5375
girella,5376
pergola-shad,5377
36,5378
cartellata,5379
ciauscolo,5380
giacomo,5381
cuisine–which,5382
caravello,5383
year–i,5384
assur,5385
milazzo,5386
piedmontese-influenc,5387
termini,5388
bar-cum-restaur,5389
mislead,5390
eventu,5391
led,5392
wine-them,5393
stanzion,5394
thailand,5395
california,5396
australia,5397
yuzu,5398
caterina,5399
torta,5400
fritta,5401
zuppa,5402
not-to-be-miss,5403
ingles,5404
ring-road,5405
lucera,5406
gold,5407
vescovil,5408
truer,5409
pivot,5410
cicetta,5411
ricchebuono,5412
monkfish,5413
elia,5414
rhubarb,5415
canella,5416
iannotti,5417
krèsio,5418
teles,5419
finger-food,5420
sienes,5421
visibilio,5422
absinth,5423
pievasciata,5424
gate,5425
vicentina,5426
guidi,5427
cinta,5428
petriolo,5429
cereal,5430
cerreto,5431
senes,5432
golpaia,5433
merlot,5434
ps,5435
medium-structur,5436
chioggia,5437
garibaldi,5438
hero,5439
estate-cum-agriturismo,5440
issa,5441
ronchi,5442
rò,5443
seta,5444
prompt,5445
maurilio,5446
immers,5447
worri,5448
friendship,5449
slop,5450
fasolato,5451
just,5452
corrado,5453
600m,5454
got,5455
spinechil,5456
schio,5457
strozzi,5458
ricchebono,5459
1618.,5460
ivano,5461
bernardo,5462
branca,5463
sold,5464
win,5465
hand-mad,5466
lengthway,5467
delmont,5468
brodetto,5469
poor,5470
marini,5471
conca,5472
vulcano,5473
craftsmanship,5474
scotti,5475
praiano,5476
majolica,5477
totano,5478
praianes,5479
santandrea,5480
ravello,5481
crescenzo,5482
fanci,5483
alici,5484
asina,5485
morn,5486
tropea,5487
manuel,5488
lattuga,5489
prosper,5490
sooth,5491
arabo,5492
langa,5493
fàula,5494
eaten,5495
pre-,5496
calm,5497
seek,5498
speed,5499
bream,5500
tourism,5501
fallen,5502
dipino,5503
enoteca,5504
necessari,5505
tâche,5506
pezzogna,5507
unknown,5508
tonino,5509
agerola,5510
pear,5511
imposs,5512
caravella,5513
risoni,5514
renaissance-styl,5515
multi-star,5516
lanza,5517
palladiana,5518
grandi,5519
basilica,5520
polignano,5521
modugno,5522
passeggiata,5523
colleoni,5524
fail,5525
fisichella,5526
300,5527
dario,5528
177,5529
tombola,5530
toledo,5531
paper,5532
handmad,5533
declar,5534
orob,5535
high-end,5536
brembo,5537
-cicchetteria,5538
inn-cum-,5539
excurs,5540
snowsho,5541
tret,5542
standout,5543
adriatica,5544
capretta,5545
smeraldo,5546
15km,5547
flere,5548
fed,5549
tina,5550
vipiteno,5551
scorzonera,5552
saddl,5553
feuerstein,5554
austrian,5555
5-star,5556
marcelli,5557
chemic,5558
all-femal,5559
kursaal,5560
penthouse-styl,5561
crackl,5562
shabbi,5563
chi,5564
provenc,5565
può,5566
salvia,5567
fa,5568
si,5569
ecuador,5570
cantù,5571
librari,5572
grower,5573
botania,5574
3ha,5575
four-cours,5576
mirto,5577
zampognaro,5578
forio,5579
1949,5580
girl,5581
ischian-styl,5582
terracotta,5583
granita,5584
grapefruit,5585
antico,5586
lezzereni,5587
sutri,5588
viterbo,5589
underpin,5590
kaluga-amur,5591
vanessa,5592
fiumicino,5593
pascucci,5594
profondo,5595
gurnard,5596
liquoric,5597
murrua,5598
matares,5599
oristano,5600
pintadera,5601
sini,5602
vernaccia,5603
painstak,5604
orchestr,5605
offshor,5606
cusumano,5607
pinot,5608
1585.,5609
1300,5610
falter,5611
zur,5612
crest,5613
caoda,5614
expon,5615
scottona,5616
australian,5617
vicciola,5618
ravarotto,5619
centenari,5620
after-dinn,5621
lakeshor,5622
giardinetto,5623
boeri,5624
albergo,5625
diffuso,5626
ricorda,5627
reveal,5628
stapl,5629
frutti,5630
canocchia,5631
bundl,5632
montefeltro,5633
porchetta-styl,5634
scottish,5635
spaghetto,5636
green-colour,5637
marecchia,5638
agostini,5639
claudia,5640
long-held,5641
piastrino,5642
loos,5643
castle-hamlet,5644
traditional-styl,5645
abat,5646
fortana,5647
deep-gold,5648
makorè,5649
giardiniera,5650
stracciatella,5651
ventresca,5652
barbequ,5653
camia,5654
morra,5655
much-lov,5656
luserna,5657
iacopo,5658
encyclopaed,5659
lounge-cum-win,5660
beatric,5661
softer,5662
muro,5663
vilòn,5664
eschew,5665
owner-run,5666
casertona,5667
schito,5668
castelpoto,5669
teano,5670
hallmark,5671
re-connect,5672
cagliari,5673
cimbron,5674
explos,5675
exagger,5676
silent,5677
face-lift,5678
undiminish,5679
travertin,5680
encircl,5681
1994,5682
fortun,5683
doze,5684
suburb,5685
haller,5686
luisl,5687
spimpolo,5688
schlosswirt,5689
forst,5690
rho,5691
nascosto,5692
terni,5693
palumbo,5694
catucci,5695
rice-,5696
colonnata,5697
lardo,5698
chestnut-flour,5699
prato,5700
assunta,5701
quintessenza,5702
svevo,5703
file,5704
ampezzo,5705
sanbrit,5706
gaspari,5707
incompar,5708
villadorata,5709
barbecue-gril,5710
carnaghi,5711
sfoglin,5712
calf,5713
trotter,5714
d'oro,5715
longest-held,5716
1959,5717
sambuca,5718
bramea,5719
monterosso,5720
miki,5721
shrub,5722
costanzo,5723
concept-bas,5724
nino,5725
maqui,5726
ulmo,5727
contaminazioni,5728
josta,5729
saba,5730
abl,5731
pomposa,5732
1717,5733
rebuilt,5734
marchini,5735
fell,5736
strawberri,5737
gianello,5738
gather,5739
nondescript,5740
magredi,5741
aviano,5742
nazioni,5743
150th,5744
birthday,5745
pordenon,5746
curtaton,5747
mincio,5748
beacon,5749
emblem,5750
non-italian,5751
1981,5752
great-grandfath,5753
posillipo,5754
liner,5755
rex,5756
naval,5757
transatlant,5758
panissa,5759
friggitello,5760
toku,5761
pizzaiola,5762
tokuyoshi,5763
yoji,5764
underst,5765
neck,5766
5-,5767
7-,5768
antonello,5769
studio,5770
italian-brazilian,5771
zillo,5772
mauricio,5773
papaya,5774
gagini,5775
sculptor,5776
vucciria,5777
fold,5778
spanish-styl,5779
suquet,5780
shiso,5781
era,5782
c,5783
café-cum-bistro,5784
volta,5785
viaj,5786
missoltino,5787
circolino,5788
bistro-restaur,5789
tuscan-styl,5790
sant'ambrogio,5791
italian-them,5792
consortium,5793
piedmontese-styl,5794
barbera,5795
granda,5796
krug,5797
perna,5798
li,5799
galli,5800
breeder,5801
savio,5802
russi,5803
plaza,5804
landi,5805
prenestino-centocell,5806
coratella,5807
giudia,5808
referenc,5809
quail,5810
acacia,5811
radicchio,5812
brand-new,5813
zaki,5814
richard,5815
abou,5816
biagiola,5817
macerata,5818
tenn,5819
pre-dinn,5820
gourmethotel,5821
garbanzo,5822
isol,5823
heinrich,5824
pace,5825
liquid,5826
self,5827
taught,5828
fairy-tal,5829
attach,5830
applic,5831
alcohol-fre,5832
schneider,5833
doubl,5834
stellaria,5835
gisela,5836
pimpernel,5837
tenderloin,5838
andora,5839
wood-furnish,5840
higher,5841
piec,5842
bino,5843
giarr,5844
frati,5845
minimi,5846
1911,5847
cracker,5848
forgotten,5849
tarallo,5850
baba,5851
laetitia,5852
sassicaia,5853
accomplish,5854
maîtr,5855
petrus,5856
henri,5857
prosperi,5858
tavolara,5859
puff,5860
defin,5861
naiv,5862
incàlmo,5863
miso,5864
testaccio,5865
ciucci,5866
carrozza,5867
coda,5868
roman-styl,5869
oxtail,5870
shadow,5871
adèl,5872
royalhotel,5873
penultim,5874
gianicolo,5875
maccaron,5876
busa,5877
ceramist,5878
vecchia,5879
euro,5880
ça,5881
chef-patron,5882
left–ther,5883
va,5884
color,5885
evening–a,5886
mille-feuill,5887
while–hidden,5888
dire,5889
consider,5890
wallpap,5891
list–in,5892
larossa,5893
imperatori,5894
salviati,5895
vito,5896
sublim,5897
bubbl,5898
odyssey,5899
mollica,5900
cort,5901
artistri,5902
episod,5903
bar-pasticceria,5904
gusto,5905
tistot,5906
pollenzo,5907
no-fril,5908
tumin,5909
mel,5910
consorzio,5911
meat-fil,5912
troisi,5913
6-8-cours,5914
6-8,5915
ricomincio,5916
adher,5917
rana,5918
feniletto,5919
sodano,5920
flurin,5921
glorenza,5922
gara,5923
fuori,5924
scosso,5925
cavallo,5926
2km,5927
spaccanapoli,5928
endiv,5929
4,5930
1952,5931
all-in-al,5932
massucco,5933
ami,5934
bellotti,5935
marc,5936
lanteri,5937
fratelli,5938
reggiana,5939
naxo,5940
toro,5941
splendour,5942
bougainvillea,5943
lime,5944
flute,5945
exhaust,5946
gianni,5947
nitto,5948
avino,5949
minori,5950
finger,5951
vanacor,5952
alcov,5953
jasmine-cov,5954
sposito,5955
lombardian,5956
iyo,5957
skyscrap,5958
fusion-styl,5959
sempion,5960
solaria,5961
firma,5962
stack,5963
drip,5964
leali,5965
sinuous,5966
concentr,5967
sour-cherri,5968
gargioli,5969
intestin,5970
lazian,5971
ironi,5972
fix,5973
symbolis,5974
instant,5975
bassano,5976
brenta,5977
palazzo-museum,5978
talk,5979
tomei,5980
controversi,5981
pfanner,5982
bari,5983
waffl,5984
virgilio,5985
migrant,5986
half-italian,5987
peking-stylemora,5988
mirin,5989
half-french,5990
accept,5991
feat,5992
agre,5993
monosilio,5994
teramo,5995
temporari,5996
loggia,5997
tiberini,5998
appropri,5999
fatjon,6000
vasariana,6001
ripen,6002
maturato,6003
nib,6004
2018,6005
cocktail-bar,6006
bress,6007
1912,6008
suprem,6009
reign,6010
patrignano,6011
crop,6012
communiti,6013
vite,6014
biuso,6015
congeni,6016
ravenna,6017
matter,6018
unavoid,6019
regard,6020
commiss,6021
polda,6022
sergeev,6023
nikita,6024
child,6025
wholeheart,6026
itinerari,6027
document,6028
redecor,6029
carrello,6030
bolliti,6031
perciasacchi,6032
jar,6033
contain,6034
residential-styl,6035
atturrata,6036
breadcrumb,6037
favignana,6038
muddica,6039
antoni,6040
tafuri,6041
granaio,6042
pepperi,6043
rapolano,6044
cantuccio,6045
elli,6046
albavilla,6047
gaio,6048
trade,6049
gene,6050
coincid,6051
albaro,6052
santamonica,6053
parallel,6054
geometr,6055
wealth,6056
sottovoc,6057
infin,6058
mattara,6059
afternoon,6060
navelli,6061
triangl,6062
loin,6063
pancotto,6064
cozzi,6065
robiola,6066
rapa,6067
aost,6068
zeno,6069
bar-cum-pastri,6070
montecuccoli,6071
aimo,6072
voce,6073
montoro,6074
cipolla,6075
cerrato,6076
ramata,6077
toritto,6078
arso,6079
trani,6080
murgia,6081
20min,6082
grano,6083
federica,6084
amor,6085
extravag,6086
fingerlim,6087
larch,6088
sacro,6089
funicular,6090
elsa,6091
cistern,6092
coll,6093
bargellini,6094
varignana,6095
grifon,6096
bentivoglio,6097
trasimeno,6098
molo,6099
poultri,6100
salcheto,6101
amiata,6102
bacchus,6103
recreat,6104
fast-pac,6105
object,6106
vastes,6107
mandilli,6108
room-cum-veranda,6109
remot,6110
zhou,6111
suili,6112
homeland,6113
valsugana,6114
nerina,6115
casolèt,6116
nuzzo,6117
mortandela,6118
keyword,6119
holzner,6120
liberti,6121
stephan,6122
zippl,6123
wagyu,6124
renon,6125
fortress,6126
piombino,6127
breakfast,6128
blackberri,6129
psych,6130
hibiscus,6131
boer,6132
eugenio,6133
contrari,6134
classici,6135
stagional,6136
flexibl,6137
busiest,6138
liveliest,6139
1938,6140
working-class,6141
attilio,6142
8-point,6143
assisi,6144
cliché,6145
post-industri,6146
bus,6147
fagon,6148
depot,6149
stigghiola,6150
deliv,6151
rucola,6152
scaligero,6153
non-stop,6154
11am-10pm,6155
traffic-limit,6156
militari,6157
malp,6158
samboseto,6159
mirella,6160
reggio,6161
jacopo,6162
savarin,6163
cantarelli,6164
rubiera,6165
capricciosa,6166
buffalo,6167
sangro,6168
appar,6169
spellbound,6170
identifi,6171
traffic-restrict,6172
under,6173
mocellin,6174
stuff,6175
saor,6176
cassoeula,6177
evapor,6178
artisti,6179
trentino-alto,6180
merchant,6181
starck,6182
trendiest,6183
amo,6184
brand,6185
philipp,6186
exchang,6187
fondaco,6188
top-floor,6189
counterpart,6190
tedeschi,6191
british-styl,6192
herbier,6193
apricena,6194
effortless,6195
baronal,6196
outbuild,6197
exalt,6198
canossa,6199
matilda,6200
harri,6201
metullio,6202
theodor,6203
engel,6204
admit,6205
concern,6206
purist,6207
falser,6208
farmer,6209
joint,6210
ti,6211
tiramisù,6212
hear,6213
p'orto,6214
traditionalist,6215
mareand,6216
essenzial,6217
airaudo,6218
paulo,6219
conchiglioni,6220
pico,6221
bechamel,6222
mexican,6223
stone-built,6224
wood-,6225
stream,6226
brisket,6227
tuorlo,6228
formazza,6229
udin,6230
formal,6231
mop,6232
scarpetta,6233
glorious,6234
gambero,6235
emigr,6236
sculli,6237
chapter,6238
septemb,6239
millefogli,6240
giano,6241
w,6242
caponada,6243
>,6244
input,6245
em,6246
carpacci,6247
valuabl,6248
taratatà,6249
criteria,6250
everyday,6251
ancestr,6252
stranger,6253
brioch,6254
stracchino,6255
minimis,6256
colmetto,6257
fluffi,6258
addict,6259
drawback,6260
pescator,6261
dolc,6262
langosteria,6263
up-to-d,6264
paraggi,6265
bagni,6266
ferreri,6267
aristocraci,6268
gambino,6269
terrace-cum-loung,6270
bagheria,6271
giandomenico,6272
franciosi,6273
wheat,6274
brasseri,6275
bachelor,6276
peanut,6277
revolutionari,6278
late-18c,6279
qafiz,6280
aspro,6281
countless,6282
olive-oil,6283
counter-styl,6284
preziosa,6285
lighten,6286
pucia,6287
straw-seat,6288
convey,6289
bertini,6290
leopardi,6291
birthplac,6292
terzavia,6293
brut,6294
ortigia,6295
torrisi,6296
southernmost,6297
siracusa,6298
vs,6299
scic,6300
bartoli,6301
gerani,6302
andré,6303
crêuza,6304
song,6305
ever-evolv,6306
mä,6307
rebosio,6308
monastero,6309
ss13,6310
instruct,6311
fiat,6312
scardina,6313
essenziali,6314
raft-cum-platform,6315
martella,6316
centrepiec,6317
fortif,6318
rosehip-infus,6319
pescatora,6320
gimignano,6321
proverb,6322
maremmani,6323
bellabarba,6324
cesario,6325
donn,6326
bolzano,6327
theoret,6328
pontinia,6329
cater,6330
loss,6331
agnes,6332
2001,6333
poder,6334
melting-pot,6335
pizzetta,6336
sine,6337
palamita,6338
confini,6339
24-month,6340
grasparossa,6341
castelvetro,6342
afford,6343
doorbel,6344
consolata,6345
mandura,6346
paradigma,6347
boundari,6348
vietres,6349
giardini,6350
blasio,6351
fuenti,6352
donkey,6353
nightlif,6354
whet,6355
tray,6356
coquus,6357
affinita,6358
plant-them,6359
arianna,6360
gatti,6361
l'altro,6362
miramonti,6363
movement,6364
wood-panel,6365
piemont,6366
mancino,6367
innocenti,6368
champagneria,6369
antonella,6370
interact,6371
guarino,6372
enorm,6373
1971,6374
ventricina,6375
50th,6376
sassari,6377
spit-roast,6378
chiaracia,6379
20menu,6380
radius,6381
20km,6382
sbira,6383
rosmarino,6384
africa,6385
scottojonno,6386
chantant,6387
unit,6388
capitaneo,6389
instagram,6390
fogolar,6391
spider,6392
nutrit,6393
perla,6394
cegli,6395
baretto,6396
cervinia,6397
basin,6398
marmot,6399
corbusi,6400
piccola,6401
tragara,6402
danilo,6403
horseradish,6404
manich,6405
postman,6406
burnt,6407
paprika,6408
cordevigo,6409
well-chosen,6410
cheese-lov,6411
surgic,6412
oseleta,6413
marra,6414
bagno,6415
teverini,6416
aspic,6417
beneventano,6418
tree-shad,6419
cesenatico,6420
faccani,6421
two-michelin,6422
macellaria,6423
angiolucci,6424
sailboat,6425
ruffl,6426
ora,6427
bob,6428
veranda-din,6429
11,6430
pella,6431
tufa-rock,6432
bernes,6433
sfincion,6434
marseill,6435
rino,6436
tomato-flavour,6437
duca,6438
blindfold,6439
impero,6440
currant,6441
trafilata,6442
bronze-cut,6443
bronzo,6444
permit,6445
mazzini,6446
outlet,6447
home-bak,6448
moder,6449
berico,6450
calistri,6451
1940,6452
farnes,6453
1370.,6454
multicultur,6455
bolognina,6456
thermal,6457
doronzo,6458
ruggiero,6459
novic,6460
mantra,6461
nun,6462
enea,6463
benedikto,6464
barbanera,6465
hilli,6466
cartosio,6467
scallop,6468
shell,6469
relief,6470
eraclio,6471
1922,6472
capanna,6473
strang,6474
delta,6475
bunet,6476
inevit,6477
villanova,6478
restuar,6479
30am,6480
unstuffi,6481
juan,6482
poggio,6483
prodigi,6484
quintero,6485
colombia,6486
calabres,6487
singer,6488
corfu,6489
kerkira,6490
civitella,6491
1880,6492
tronto,6493
zunica,6494
mazzoleni,6495
carropont,6496
oscar,6497
cortina,6498
toulà,6499
nicknam,6500
mine,6501
codol,6502
peposo,6503
celest,6504
pallanza,6505
ice-hous,6506
bianca,6507
papà,6508
16,6509
pacchero,6510
8,6511
nella,6512
esordi,6513
planet,6514
assort,6515
galileo,6516
carracci,6517
chiefli,6518
seabream,6519
re-emerg,6520
bruschetta,6521
angolo,6522
centofanti,6523
sagrestia,6524
sacristi,6525
re-heat,6526
thinnest,6527
salesman,6528
lard,6529
sous-vid,6530
bain-mari,6531
mongiat,6532
lukewarm,6533
hélène,6534
scalera,6535
intellig,6536
post-modern,6537
arancino,6538
champion,6539
ventr,6540
soft-ton,6541
n,6542
falzarego,6543
tofan,6544
prest,6545
captiv,6546
vero,6547
held,6548
biennal,6549
lionetti,6550
dio,6551
arsenal,6552
biedermei,6553
mist,6554
monviso,6555
capon,6556
carmagnola,6557
vivalda,6558
càuda,6559
200th,6560
reappear,6561
bouillabaiss,6562
well-earn,6563
cerver,6564
insist,6565
suriano,6566
oven-bak,6567
borgobrufa,6568
ciociaria,6569
"1,000",6570
frosio,6571
palagio,6572
brazil,6573
gherardesca,6574
lavezzini,6575
chalk,6576
isid,6577
letterina,6578
bolsena,6579
parolina,6580
canino,6581
cimini,6582
gulfi,6583
plung,6584
polish,6585
galleon,6586
fridg,6587
filippetto,6588
erbazzon,6589
nicolò,6590
ciambella,6591
town-centr,6592
wheel,6593
harvest,6594
circular-bas,6595
juri,6596
tuscan-inspir,6597
pharmaci,6598
menton,6599
chieppa,6600
corona,6601
melania,6602
consum,6603
mirazur,6604
spezial,6605
butterfli,6606
apreda,6607
iconica,6608
idylio,6609
crudo,6610
augusto,6611
fish-lov,6612
valzelli,6613
best-qual,6614
prevail,6615
easier,6616
cervo,6617
vignola,6618
nobless,6619
carrot,6620
beluga,6621
caciucco,6622
sturgeon,6623
pachino,6624
pock,6625
eleonora,6626
statuett,6627
hamachi,6628
apostl,6629
wasabi,6630
1773,6631
eleph,6632
late-15c,6633
bachmann,6634
mathia,6635
eighth,6636
apostelstub,6637
cefalù,6638
well-train,6639
hustl,6640
barral,6641
damask,6642
candlestick,6643
paradiso,6644
spruce,6645
at-tabl,6646
romagnolo,6647
gorini,6648
ramo,6649
régis,6650
bistro-bar,6651
feria,6652
indonesian,6653
feltrin,6654
mugo,6655
maezza,6656
montagna,6657
lefay,6658
cardoon,6659
fondovall,6660
grual,6661
bottom,6662
alpeggio,6663
dolom,6664
pinzolo,6665
luri,6666
cannonau,6667
chargril,6668
myrtleberri,6669
besana,6670
vermentino,6671
teodoro,6672
fauna,6673
brill,6674
revisit,6675
lessinia,6676
valpolicella,6677
brigida,6678
sticker,6679
mercato,6680
surfboard,6681
stella,6682
gestur,6683
300ha,6684
volterra,6685
torchiettibistro,6686
luisa,6687
valazza,6688
novara,6689
marelli,6690
lookout,6691
literatur,6692
graduat,6693
frediano,6694
ristoclub,6695
brandini,6696
queen,6697
discipl,6698
smoky-flavour,6699
zecchin,6700
affect,6701
shuttl,6702
phone,6703
filosofi,6704
carrara,6705
world-fam,6706
jasmin,6707
poppi,6708
tall,6709
papavero,6710
kistè,6711
bandwagon,6712
farra,6713
1997.,6714
1900,6715
renzo,6716
allud,6717
wellington,6718
esperanto,6719
coton,6720
baccala,6721
mascarpon,6722
tortonesi,6723
gianduia,6724
viaggi,6725
palmento,6726
raciti,6727
astra,6728
bravo,6729
folli,6730
gilmor,6731
montreal,6732
luigia,6733
36-month,6734
au,6735
laura,6736
canada,6737
spezia,6738
saltwort,6739
atyp,6740
americano,6741
umbrin,6742
peru,6743
umeboshi,6744
yuyo,6745
moresca,6746
mainland,6747
carannant,6748
aplomb,6749
daunt,6750
task,6751
cane,6752
system,6753
seriana,6754
lazzarini,6755
welfar,6756
mould,6757
hold,6758
offanengo,6759
vale,6760
crema,6761
south-west,6762
everywher,6763
brescia-styl,6764
pescara,6765
nole,6766
impass,6767
neglect,6768
rediscov,6769
geographi,6770
restructur,6771
inexhaust,6772
fracassi,6773
upon,6774
boccondivino,6775
bra,6776
umbertid,6777
pensando,6778
d'elsa,6779
master-chef,6780
scapecchi,6781
caprese-styl,6782
montanara,6783
casatiello,6784
tiberio,6785
capres,6786
favorita,6787
lettuc,6788
scuncilli,6789
radish,6790
cesar,6791
battisti,6792
tild,6793
accent,6794
allus,6795
terrace-loung,6796
dolcedo,6797
sella,6798
sassolungo,6799
ciasa,6800
salar,6801
pitosforo,6802
iva,6803
peci,6804
6.30pm,6805
campidano,6806
circular,6807
stara,6808
nora,6809
sassongh,6810
boè,6811
cabl,6812
piz,6813
kelina,6814
2024.,6815
exit,6816
corvara,6817
ultra-modern,6818
varella,6819
golf,6820
gigant,6821
90€,6822
giorgia,6823
eugenia,6824
goggi,6825
14,6826
elm,6827
push,6828
mer,6829
oldani,6830
6-cours,6831
cornaredo,6832
3-cours,6833
olmo,6834
osmosi,6835
cajun,6836
north-american,6837
1865.,6838
gentian,6839
teriyaki,6840
svetoni,6841
fattoria,6842
maicol,6843
exposed-brick,6844
griffa,6845
hyatt,6846
nemi,6847
pannicolo,6848
hanger,6849
stilla,6850
reclam,6851
marsh,6852
50ha,6853
arcinazzo,6854
aminta,6855
pesticid,6856
gaze,6857
5-cours,6858
bucchero,6859
52,6860
life-long,6861
vase,6862
partenop,6863
family-styl,6864
fondazion,6865
murano,6866
contemporaneità,6867
skylin,6868
aprea,6869
redefin,6870
rovati,6871
much-visit,6872
caravaggio,6873
pilgrim,6874
shrine,6875
cedro,6876
authorit,6877
haut,6878
fixed-pric,6879
ceraudo,6880
forerunn,6881
marmalad,6882
rariti,6883
venart,6884
glam,6885
ascani,6886
laguna,6887
orangeri,6888
orti,6889
seven-cours,6890
eleven,6891
cirò,6892
resin,6893
pisser,6894
chjùbica,6895
sila,6896
pùzali,6897
econom,6898
biafora,6899
ugento,6900
prebugiun,6901
mixtur,6902
framura,6903
lunigiana,6904
devoto,6905
sarzana,6906
bresciana,6907
good-value-for-money,6908
distil,6909
crisci,6910
alemb,6911
torri,6912
citeroni,6913
offida,6914
maurizi,6915
fasano,6916
trabalzini,6917
rossella,6918
sensori,6919
martin,6920
lazarov,6921
belludia,6922
dress,6923
remulass,6924
1895,6925
groceri,6926
129,6927
mutual,6928
società,6929
mutuo,6930
operaia,6931
som,6932
bàcaro,6933
gioie,6934
soft-shel,6935
caldura,6936
outcrop,6937
open-air,6938
presidiana,6939
rizz,6940
perspect,6941
calett,6942
pandolfo,6943
mari,6944
rocca,6945
clandestino,6946
susci,6947
stilt,6948
ero,6949
unlimit,6950
nù,6951
60km,6952
tassa,6953
heard,6954
chef-cum-poet,6955
caltagiron,6956
candi,6957
agata,6958
nunzio,6959
minnuzza,6960
oleand,6961
stravecchio,6962
intorcia,6963
1602.,6964
caned,6965
pressati,6966
buchteln,6967
argaj,6968
7am,6969
11pm,6970
period-styl,6971
winner,6972
marjoram,6973
billia,6974
lillaz,6975
rivarola,6976
21,6977
hadrian,6978
baldassar,6979
baldassarr,6980
tivoli,6981
narducci,6982
panzanella,6983
transfer,6984
french-italian,6985
breton,6986
tirtl,6987
mayr,6988
cinnamon,6989
adler,6990
brixen,6991
sylvan,6992
glamour,6993
phi,6994
smeralda,6995
nightclub-cum-loung,6996
namelaka,6997
une,6998
elderberri,6999
relazioni,7000
acquedotto,7001
mundo,7002
rio,7003
dallamano,7004
frescada,7005
six-,7006
eight-cours,7007
lapland,7008
sweden,7009
breuil-cervinia,7010
distract,7011
lippi,7012
belé,7013
crystal,7014
lace-lik,7015
pattern,7016
shift,7017
convers,7018
acoust,7019
quinson,7020
reopen,7021
cosylittl,7022
castrocaro,7023
giacchini,7024
ostentati,7025
neither,7026
perno,7027
stresa,7028
mattiacci,7029
cag,7030
wafer,7031
fabbrica,7032
eliseo,7033
loprior,7034
perpendicular,7035
televis,7036
ornament,7037
amerigo,7038
corbara,7039
1964.,7040
lucan,7041
ficotto,7042
muse,7043
pet,7044
educ,7045
obsess,7046
therapi,7047
oglio,7048
santini,7049
1996,7050
runat,7051
succumb,7052
sett,7053
querc,7054
100m,7055
gilmozzi,7056
creak,7057
lichen,7058
bark,7059
offspr,7060
mantua,7061
pisarei,7062
degre,7063
pïacenza,7064
ladl,7065
pen,7066
mosaic,7067
7pm,7068
multi,7069
asolo,7070
terrazza,7071
porteri,7072
older,7073
150,7074
bouchard,7075
baldessari,7076
playground,7077
banish,7078
boredom,7079
banal,7080
provocazioni,7081
1969,7082
beretta,7083
forag,7084
alessandrina,7085
napolitan-styl,7086
zito,7087
relic,7088
januarius,7089
casamadr,7090
thread,7091
d'amalfi,7092
monach,7093
specialist,7094
selva,7095
capriat,7096
cantones,7097
emot,7098
alessandria,7099
triumph,7100
linear,7101
meter,7102
intesa,7103
piano–ther,7104
envisag,7105
height,7106
cityscape–th,7107
cacciator,7108
subida,7109
slovenia,7110
neighborhood,7111
relev,7112
gracious,7113
palluda,7114
d'arrosto,7115
wisteria-adorn,7116
spell,7117
fine-tun,7118
pop,7119
superl,7120
yeast,7121
marchesi,7122
pollino,7123
b,7124
gleam,7125
trezzo,7126
durat,7127
sull,7128
adda,7129
gallega,7130
abound,7131
chutney,7132
burgundy-styl,7133
cicognolo,7134
tunnel,7135
ostiens,7136
april,7137
provençal-styl,7138
mid-20c,7139
mid-19c,7140
mayo,7141
hummus,7142
sprout,7143
momento,7144
newest,7145
contemporaneo,7146
attimi,7147
acquapartita,7148
tartare-styl,7149
bravaccini,7150
800m,7151
twentieth,7152
ferrero,7153
gel,7154
architect,7155
patricia,7156
asian-influenc,7157
dissect,7158
sereno,7159
urquiola,7160
indiniò,7161
realis,7162
carnian,7163
nowher,7164
anacapri,7165
explod,7166
greener,7167
elich,7168
migliaccio,7169
semi-hidden,7170
monfettini,7171
mantecati,7172
umbrella,7173
gastro,7174
content,7175
gamay,7176
opra,7177
alcohol,7178
14.5°,7179
potent,7180
cerami,7181
mantarro,7182
volcano,7183
principl,7184
top-level,7185
ingiulla,7186
sapio,7187
cozzetto,7188
high-level,7189
paragon,7190
ostuni,7191
orobica,7192
taragna,7193
serina,7194
bresaola,7195
casoncelli,7196
strachitunt,7197
ciclopi,7198
faraglioni,7199
monk,7200
monteriggioni,7201
futura,7202
francigena,7203
abbadia,7204
romanesqu,7205
candlelit,7206
spite,7207
bergeretto,7208
segreta,7209
scrubland,7210
chef-cum-entrepreneur,7211
fuoco,7212
marubini,7213
chignola,7214
25th,7215
onto,7216
rampant,7217
alassio,7218
appoint,7219
placemat,7220
dining-room,7221
nicolosi,7222
jam,7223
drop,7224
cannoli,7225
simonato,7226
nourish,7227
tano,7228
crew,7229
cumin,7230
framework,7231
4-7,7232
cotton,7233
marzullo,7234
mura,7235
antich,7236
apostolo,7237
concattedral,7238
1985.,7239
much-covet,7240
extern,7241
pina,7242
marmo,7243
cap,7244
banner,7245
bluh,7246
half-fri,7247
montefalco,7248
camiano,7249
fabrizi,7250
baronetto,7251
entri,7252
pistoletto,7253
risorgimento,7254
cambio,7255
carignano,7256
palaud,7257
blanc,7258
follina,7259
silk,7260
1704,7261
aficionado,7262
pepenero,7263
gilberto,7264
dull,7265
candle-lit,7266
marrocco,7267
gallipoli,7268
solaika,7269
lecc,7270
1995,7271
vasocottura,7272
ahimé,7273
robi,7274
anto,7275
sugihara,7276
costarella,7277
capac,7278
scalinata,7279
numana,7280
hosomaki,7281
manuela,7282
marino,7283
silvana,7284
remi,7285
meucci,7286
white-chocol,7287
disguis,7288
crunchi,7289
ciuffetelli,7290
powder,7291
done,7292
lane,7293
falconier,7294
baracchi,7295
dry-ston,7296
scratch,7297
herring,7298
piacentina,7299
amaz,7300
gorgnalini,7301
ciccioli,7302
breccia,7303
conero,7304
spare,7305
aulenti,7306
gae,7307
norma,7308
mazara,7309
volp,7310
soldier,7311
fogli,7312
erba,7313
passioni,7314
tandoori,7315
masala,7316
capitolo,7317
zero-km,7318
cattaneo,7319
foligno,7320
grottino,7321
gualdo,7322
prussian,7323
athlet,7324
burger,7325
bike,7326
moena,7327
recharg,7328
550m,7329
e-bik,7330
col,7331
best-lov,7332
sarca,7333
miori,7334
giada,7335
salada,7336
carn,7337
alchemi,7338
mara,7339
bandi,7340
trapani,7341
trapani-styl,7342
moro,7343
deepli,7344
tenerina,7345
vatican,7346
laigueglia,7347
windsor,7348
savô,7349
ox,7350
easter,7351
novemb,7352
grasso,7353
fat,7354
1887,7355
adami,7356
warmer,7357
misurina,7358
ampezzo-styl,7359
pompanin,7360
cep,7361
deal,7362
dry-cur,7363
mariapaola,7364
read,7365
thirti,7366
murg,7367
anise,7368
vino,7369
cheaper,7370
ochr,7371
teal,7372
elong,7373
battl,7374
anghiari,7375
bringoli,7376
alighiero,7377
evangelista,7378
evan,7379
abbrevi,7380
gualtiero,7381
bistrò,7382
seeport,7383
ancona,7384
toni,7385
transpar,7386
cassata,7387
involtini,7388
coco,7389
taglienti,7390
deconsecr,7391
volumnia,7392
riscoperta,7393
cerreta,7394
sleep,7395
tin,7396
annurca,7397
nobiltà,7398
miseria,7399
heritag,7400
necropoli,7401
bare,7402
tarquinia,7403
monterozzi,7404
unesco,7405
century-old,7406
plane,7407
quintino,7408
donna,7409
calvisano,7410
pure,7411
riccio,7412
quintessenti,7413
motorway,7414
300m,7415
brusson,7416
laghetto,7417
aya,7418
alga,7419
parkhotel,7420
laurin,7421
nori,7422
toceno,7423
vigezzo,7424
vie,7425
deeper,7426
camaldoli,7427
valdestali,7428
out-of-this-world,7429
cippi,7430
nazzarena,7431
fabbro,7432
forest,7433
ravinetto,7434
shave,7435
snowcat,7436
160,7437
cervia,7438
narrowest,7439
baciadonn,7440
piev,7441
proto,7442
atrani,7443
rend,7444
iseo,7445
rovetta,7446
silenc,7447
[,7448
baita,7449
],7450
mundan,7451
ship,7452
maritime-styl,7453
caramanico,7454
emilian-styl,7455
reggiano,7456
tireless,7457
1957,7458
model,7459
pirandello,7460
siciliana,7461
tack,7462
pablo,7463
bishop,7464
seminari,7465
altamura,7466
immens,7467
seminario,7468
cauliflow,7469
ost,7470
beurr,7471
scuro,7472
1882,7473
1919.,7474
bloom,7475
diet,7476
bewar,7477
stair,7478
corpo,7479
contemporary-cum-minimalist,7480
anima,7481
dinato,7482
castelfranco,7483
cantafio,7484
prettiest,7485
indefatig,7486
stüa,7487
figur,7488
ladinia,7489
ladin-styl,7490
berghotel,7491
1930.,7492
1933.,7493
send,7494
email,7495
24hrs,7496
nineteenth-centuri,7497
marsupino,7498
1901.,7499
solopiemont,7500
farewel,7501
crippa,7502
tuttoilresto,7503
bid,7504
mid-18c,7505
caluso,7506
erbaluc,7507
candia,7508
100ha,7509
hagan,7510
ottog,7511
race,7512
piatto,7513
cycl,7514
40-yolk,7515
1954,7516
post-war,7517
elvira,7518
baganza,7519
regional,7520
lina,7521
boschi,7522
carrega,7523
louis,7524
duchess,7525
moscato,7526
montebor,7527
postcard,7528
nautilus,7529
albereta,7530
tiber,7531
1930s,7532
bordighera,7533
bellagio,7534
tip,7535
cooler,7536
low-key,7537
well-deserv,7538
clime,7539
tenuta,7540
genoa,7541
golfo,7542
ortica,7543
4.5km,7544
35min,7545
madoni,7546
asiago,7547
europa,7548
marineria,7549
fast,7550
archway,7551
built-in,7552
tofana,7553
taste–rossini,7554
excellent–mad,7555
larin,7556
robust,7557
suggestioni,7558
naturalment,7559
half-hour,7560
persimmon,7561
sonya,7562
kuppelrain,7563
3-litr,7564
trafoier,7565
jorg,7566
kevin,7567
pralin,7568
natali,7569
kränzelhof,7570
lifestyl,7571
ciociara,7572
mural,7573
giacomello,7574
terri,7575
nin,7576
disturb,7577
nois,7578
dwell,7579
profici,7580
terrace-cum-garden,7581
galtarossa,7582
salina,7583
municip,7584
mid-1800,7585
multi-task,7586
violetta,7587
monferrini,7588
morsetti,7589
morsi,7590
paramount,7591
menoncin,7592
possoni,7593
punctual,7594
salicornia,7595
baja,7596
terracina,7597
nardini,7598
candela,7599
parker,7600
learnt,7601
1926,7602
macer,7603
gone,7604
boathous,7605
cell,7606
kelp,7607
9pm,7608
imperator,7609
predilect,7610
roy,7611
oval-shap,7612
cacer,7613
quarta,7614
battipaglia,7615
meati,7616
sesso,7617
r-otto,7618
rombo,7619
campania-focus,7620
escalop,7621
dentex,7622
elefant,7623
wine-lov,7624
leopoldo,7625
angelina,7626
400m,7627
mottaron,7628
speak,7629
fondant,7630
laera,7631
thorough,7632
broaden,7633
target,7634
cartoccio,7635
menu–of,7636
suggestions–includ,7637
castelmagno,7638
sapid,7639
rule,7640
code,7641
cheese-bas,7642
d'alpeggio,7643
vegetable-,7644
fonduta,7645
valentina,7646
maioni,7647
romanesco,7648
schüttelbrot,7649
campsit,7650
bottagisio,7651
soav,7652
fermo,7653
fishbon,7654
malaspina,7655
evelyn,7656
arco,7657
bottoni,7658
varaita,7659
dell'anfiteatro,7660
trap,7661
woodruff,7662
sow-thistl,7663
lori,7664
agliata,7665
burrida,7666
dogfish,7667
shark,7668
cagliaritana,7669
bosana,7670
shiroya,7671
aretusi,7672
sotto,7673
kindergarten,7674
nicolini,7675
tourist-frequ,7676
busier,7677
ziantoni,7678
question,7679
